kanji;hiragana;meaning;pos;jlpt;sentenceEN;sentenceJP;meaning2;pos2;meaning3;pos3;meaning4;pos4;ref1;ref2;ref3
ああ;ああ;Ah!, Oh!;int;5;How awful!;ああ<ruby>恐<rt>こわ</rt></ruby>い！;ah!, oh!, alas!;int;yes, indeed, that is correct;int;aah, gah, argh;int;;;
会う;あう;to meet, to see;v5u, vi;5;I'll see him today.;<ruby>今日<rt>きょう</rt></ruby>、<ruby>会<rt>あ</rt></ruby>うよ。;to meet, to encounter, to see;v5u, vi;to have an accident, to have a bad experience;v5u, vi;;;会う約束;逢うは別れの始め;めぐり合う
会う約束;あうやくそく;appointment;n, vs;0;;;;;;;;;;;
逢うは別れの始め;あうはわかれのはじめ;we meet only to part;exp;0;;;;;;;;;;;
めぐり合う;めぐりあう;to meet fortuitously;v5u, vi;0;;;;;;;;;;;
青;あお;blue;n, adj-no;5;One is blue.;<ruby>一<rt>ひと</rt></ruby>つは<ruby>青<rt>あお</rt></ruby>。;blue, azure;n, adj-no;green;n, adj-no;green light (traffic);n;青ひげ;青短;青えんどう
青ひげ;あおひげ;use of blue eyebrow pencil to indicate a character has shaved his cheeks;n;0;;;;;;;;;;;
青短;あおたん;5-point card with a blue tanzaku;n;0;;;;;;;;;;;
青えんどう;あおえんどう;green peas;n;0;;;;;;;;;;;
青い;あおい;blue;adj-i;5;The car is blue.;<ruby>車<rt>くるま</rt></ruby>が<ruby>青<rt>あお</rt></ruby>い。;blue, azure;adj-i;green;adj-i;pale (facial color), gray, grey;adj-i;青い鳥;隣の芝生は青い;ケツが青い
青い鳥;あおいとり;bluebird of happiness;exp, n;0;;;;;;;;;;;
隣の芝生は青い;となりのしばふはあおい;the grass is always greener on the other side of the fence;exp, adj-i;0;;;;;;;;;;;
ケツが青い;ケツがあおい;wet behind the ears;exp, adj-i;0;;;;;;;;;;;
赤;あか;red;n, adj-no;5;Your face is red.;<ruby>顔<rt>かお</rt></ruby><ruby>赤<rt>あか</rt></ruby>いよ。;red, crimson, scarlet;n, adj-no;red-containing colour (e.g. brown, pink, orange);n;Red (i.e. communist);n;赤錆;赤短;赤エイ
赤錆;あかさび;red rust;n;0;;;;;;;;;;;
赤短;あかたん;5-point card with a red tanzaku;n;0;;;;;;;;;;;
赤エイ;アカエイ;red stingray (Dasyatis akajei);n;0;;;;;;;;;;;
赤い;あかい;red;adj-i;5;Your face is red.;<ruby>顔<rt>かお</rt></ruby><ruby>赤<rt>あか</rt></ruby>いよ。;red, crimson, scarlet, vermilion;adj-i;Red, communist;adj-i;;;赤鰯;赤い糸;赤い旅団
赤鰯;あかいわし;pickled sardines;n;0;;;;;;;;;;;
赤い糸;あかいいと;red string of fate;exp, n;0;;;;;;;;;;;
赤い旅団;あかいりょだん;Red Brigades;n;0;;;;;;;;;;;
明るい;あかるい;bright (in reference to personality or weather), cheerful;adj-i;5;The moon is bright.;<ruby>月<rt>がつ</rt></ruby>は<ruby>明<rt>あか</rt></ruby>るい。;light, bright, well-lit, well-lighted;adj-i;bright (colour);adj-i;cheerful, bright, spirited, sunny (e.g. disposition);adj-i;足元の明るいうちに;薄明るい;夜目にも明るい
足元の明るいうちに;あしもとのあかるいうちに;while it is light;exp, adv;0;;;;;;;;;;;
薄明るい;うすあかるい;faintly light;adj-i;0;;;;;;;;;;;
夜目にも明るい;よめにもあかるい;bright even in the dark;exp, adj-i;0;;;;;;;;;;;
秋;あき;fall (season);n, adv;5;Autumn is here.;<ruby>秋<rt>あき</rt></ruby>ですね。;autumn, fall;n, adv;;;;;秋田竿燈まつり;秋祭り;秋茄子
秋田竿燈まつり;あきたかんとうまつり;Akita Kantō Festival (3-6 August);n;0;;;;;;;;;;;
秋祭り;あきまつり;autumn festival;n;0;;;;;;;;;;;
秋茄子;あきなす;autumn eggplant;n;0;;;;;;;;;;;
開く;あく;to open, to become open;v5k, vi;5;Don't open your book.;<ruby>本<rt>ほん</rt></ruby>を<ruby>開<rt>ひら</rt></ruby>くな。;to open (e.g. doors);v5k, vi;to open (e.g. business, etc.);v5k, vi;to be empty;v5k, vi;言い開く;切り開く;糸口を開く
言い開く;いいひらく;to justify;v5k, vt;0;;;;;;;;;;;
切り開く;きりひらく;to cut open;v5k, vt;0;;;;;;;;;;;
糸口を開く;いとぐちをひらく;to find a clue;exp, v5k;0;;;;;;;;;;;
開ける;あける;to open (v.t.);v1, vt;5;Don't open the window.;<ruby>窓<rt>まど</rt></ruby>を<ruby>開<rt>ひら</rt></ruby>けるな。;to open (a door, etc.), to unwrap (e.g. parcel, package), to unlock;v1, vt;to open (for business, etc.);v1, vt;to empty, to remove, to make space, to make room;v1, vt;捩じ開ける;押し開ける;こじ開ける
捩じ開ける;ねじあける;to wrench open;v1, vt;0;;;;;;;;;;;
押し開ける;おしあける;to force open;v1;0;;;;;;;;;;;
こじ開ける;こじあける;to wrench open;v1, vt;0;;;;;;;;;;;
上げる;あげる;to raise, to lift;v1, vt;5;I look up at the sky.;<ruby>大空<rt>おおぞら</rt></ruby>を<ruby>見上<rt>みあ</rt></ruby>げる。;to raise, to elevate;v1, vt;to move something (to a higher place), to put onto (e.g. a shelf);v1, vt;to increase (price, quality, status, etc.), to raise (a wage);v1, vt;取り上げる;作り上げる;立ち上げる
取り上げる;とりあげる;to pick up;v1, vt;0;;;;;;;;;;;
作り上げる;つくりあげる;to build up;v1, vt;0;;;;;;;;;;;
立ち上げる;たちあげる;to start (something);v1, vt;0;;;;;;;;;;;
朝;あさ;morning;n, adv;5;Are you a morning person?;<ruby>朝型<rt>あさがた</rt></ruby><ruby>人間<rt>にんげん</rt></ruby>？;morning;n, adv;breakfast;n;;;朝駆け;朝飯;朝ごはん
朝駆け;あさがけ;early-morning attack;n, vs, vi;0;;;;;;;;;;;
朝飯;あさめし;breakfast;n;0;;;;;;;;;;;
朝ごはん;あさごはん;breakfast;n;0;;;;;;;;;;;
朝御飯;あさごはん;breakfast;n;5;Breakfast is ready.;<ruby>朝御飯<rt>あさごはん</rt></ruby>ができています。;breakfast;n;;;;;;;
明後日;あさって;day after tomorrow;n, adv;5;See you in two days.;また<ruby>明後日<rt>みょうごにち</rt></ruby>。;day after tomorrow;n, adv;wrong (e.g. direction);adj-no;;;あさっての方を向く;あさっての方向を向く;弥の明後日
あさっての方を向く;あさってのほうをむく;to face the wrong way;exp, v5k;0;;;;;;;;;;;
あさっての方向を向く;あさってのほうこうをむく;to face the wrong way;exp, v5k;0;;;;;;;;;;;
弥の明後日;やのあさって;three days from today;n, adv;0;;;;;;;;;;;
足, 脚;あし;foot, leg;n;5;The ballerinas around the walls are stretching their legs and feet so their muscles will not become stiff.;<ruby>壁<rt>かべ</rt></ruby>のまわりの<ruby>バレリーナ<rt>ばれりーな</rt></ruby><ruby>達<rt>とおる</rt></ruby>は<ruby>筋肉<rt>きんにく</rt></ruby>が<ruby>硬直<rt>こうちょく</rt></ruby>しないように<ruby>脚<rt>あし</rt></ruby>と<ruby>足先<rt>あしさき</rt></ruby>を<ruby>伸<rt>の</rt></ruby>ばしています。;foot, paw, arm (of an octopus, squid, etc.);n;leg;n;gait;n;足技;足元の明るいうちに;足を引っ張る
足技;あしわざ;foot technique (in judo, sumo wrestling, etc.);n;0;;;;;;;;;;;
足元の明るいうちに;あしもとのあかるいうちに;while it is light;exp, adv;0;;;;;;;;;;;
足を引っ張る;あしをひっぱる;to hold back (someone) from achieving success;exp, v5r;0;;;;;;;;;;;
明日;あした;tomorrow;n, adv;5;Are you free tomorrow?;<ruby>明日<rt>あした</rt></ruby><ruby>暇<rt>ひま</rt></ruby>？;tomorrow;n, adv;near future;n, adv;;;明日のことを言えば鬼が笑う;明日葉;明日の百より今日の五十
明日のことを言えば鬼が笑う;あすのことをいえばおにがわらう;nobody knows the morrow;exp, v5u;0;;;;;;;;;;;
明日葉;あしたば;Angelica keiskei (species of angelica, a herb of the parsley family);n;0;;;;;;;;;;;
明日の百より今日の五十;あすのひゃくよりきょうのごじゅう;a bird in the hand is worth two in the bush;exp;0;;;;;;;;;;;
あそこ;あそこ;there, over there, that place;pn;5;Look over there.;あそこを<ruby>見<rt>み</rt></ruby>て。;there, over there, that place, yonder, you-know-where;pn;genitals, private parts, nether regions;n;that far, that much, that point;n;;;
遊ぶ;あそぶ;to play, to spend time pleasantly, to hang out;v5b, vi;5;Don't play here.;ここで<ruby>遊<rt>あそ</rt></ruby>ぶな。;to play (games, sports), to enjoy oneself, to have a good time;v5b, vi;to mess about (with alcohol, gambling, philandery, etc.);v5b, vi;to be idle, to do nothing, to be unused;v5b, vi;遊ぶ金欲しさ;群れ遊ぶ;吹きすさぶ
遊ぶ金欲しさ;あそぶかねほしさ;desire for money for one's enjoyment (esp. as a motive for a crime);n;0;;;;;;;;;;;
群れ遊ぶ;むれあそぶ;to play in a group;v5b;0;;;;;;;;;;;
吹きすさぶ;ふきすさぶ;to blow fiercely;v5b, vi;0;;;;;;;;;;;
暖かい;あたたかい;warm;adj-i;5;Is it warm there?;そこ<ruby>暖<rt>あたた</rt></ruby>かい？;warm, mild, (pleasantly) hot;adj-i;considerate, kind, genial;adj-i;warm (of a colour), mellow;adj-i;暖かい人;暖かい色;温かい歓迎
暖かい人;あたたかいひと;warmhearted person;exp, n;0;;;;;;;;;;;
暖かい色;あたたかいいろ;warm color;exp, n;0;;;;;;;;;;;
温かい歓迎;あたたかいかんげい;warm reception;exp, n;0;;;;;;;;;;;
頭;あたま;head;n;5;I have a headache.;<ruby>頭痛<rt>ずつう</rt></ruby>い。;head;n;hair (on one's head);n;mind, brains, intellect;n;頭角を現す;頭蓋骨;頭が固い
頭角を現す;とうかくをあらわす;to distinguish oneself;exp, v5s;0;;;;;;;;;;;
頭蓋骨;ずがいこつ;skull;n;0;;;;;;;;;;;
頭が固い;あたまがかたい;thickheaded;exp, adj-i;0;;;;;;;;;;;
新しい;あたらしい;new;adj-i;5;Is that a new car?;それ、<ruby>新<rt>あたら</rt></ruby>しい<ruby>車<rt>くるま</rt></ruby>？;new, novel, fresh, recent, latest, up-to-date, modern;adj-i;;;;;新しいもの好き;女房と畳は新しい方が良い;新しい酒は古い革袋に入れる
新しいもの好き;あたらしいものずき;neophilia;n;0;;;;;;;;;;;
女房と畳は新しい方が良い;にょうぼうとたたみはあたらしいほうがいい;wives and tatami mats are best when new;exp, adj-ix;0;;;;;;;;;;;
新しい酒は古い革袋に入れる;あたらしいさけはふるいかわぶくろにいれる;to put new wine into old wineskins;exp;0;;;;;;;;;;;
あちら;あちら;this way (polite);pn;5;Is that your wife?;あちらの<ruby>方<rt>かた</rt></ruby>は<ruby>奥<rt>おく</rt></ruby>さんですか？;that way, that direction, over there, yonder;pn;that (one);pn;that person;pn;あちら立てればこちらが立たぬ;あちら語;
あちら立てればこちらが立たぬ;あちらたてればこちらがたたぬ;it is hard to please everybody;exp;0;;;;;;;;;;;
あちら語;あちらご;foreign language;n;0;;;;;;;;;;;
暑い;あつい;hot (in reference to weather), warm;adj-i;5;It's hot.;<ruby>暑<rt>あつ</rt></ruby>い。;hot, warm, sultry, heated;adj-i;passionate, impassioned, burning (desire, etc.);adj-i;on everybody's mind, on the radar, du jour, interested (gaze, etc.);adj-i;蒸し暑い;クソ暑い;暑い盛り
蒸し暑い;むしあつい;humid;adj-i;0;;;;;;;;;;;
クソ暑い;くそあつい;extremely hot;adj-i;0;;;;;;;;;;;
暑い盛り;あついさかり;heat of the day;n;0;;;;;;;;;;;
熱い;あつい;hot (objects);adj-i;5;The eggs are still hot.;<ruby>卵<rt>たまご</rt></ruby>がまだ<ruby>熱<rt>あつ</rt></ruby>い。;hot (to the touch);adj-i;passionate (feelings, etc.), ardent, hot (e.g. gaze);adj-i;hot (e.g. temper);adj-i;熱い仲;熱い戦争;熱い暗黒物質
熱い仲;あついなか;mutual attraction;exp;0;;;;;;;;;;;
熱い戦争;あついせんそう;hot war;exp, n;0;;;;;;;;;;;
熱い暗黒物質;あついあんこくぶっしつ;hot dark matter;exp, n;0;;;;;;;;;;;
厚い;あつい;kind, warm(hearted), thick, deep;adj-i;5;The book is thick.;<ruby>分厚<rt>ぶあつ</rt></ruby>い<ruby>本<rt>ほん</rt></ruby>だな。;thick, deep, heavy;adj-i;kind, cordial, hospitable, warm, faithful;adj-i;serious (of an illness);adj-i;分厚い;厚い壁;面の皮が厚い
分厚い;ぶあつい;thick;adj-i;0;;;;;;;;;;;
厚い壁;あついかべ;hard-to-overcome obstacle;exp, n;0;;;;;;;;;;;
面の皮が厚い;つらのかわがあつい;shameless;exp, adj-i;0;;;;;;;;;;;
あっち;あっち;over there;pn;5;Go to hell!;あっち<ruby>行<rt>い</rt></ruby>け！;that way, that direction, over there, yonder;pn;that (one);pn;that person;pn;あっちゅう間;あちち;あっちゃ
あっちゅう間;あっちゅうま;an instant;exp, n;0;;;;;;;;;;;
あちち;あちち;ouch!;int;0;;;;;;;;;;;
あっちゃ;あっちゃ;oops;int;0;;;;;;;;;;;
後;あと;afterwards (later), in the future, the rest, since then;n, adj-no;5;I'll see you later.;また<ruby>後<rt>あと</rt></ruby>で。;behind, rear;n, adj-no;after, later;n, adj-no;remainder, the rest;n, adj-no;後ろ足;後ろ指を指される;後ろカゴ
後ろ足;うしろあし;hind leg;n;0;;;;;;;;;;;
後ろ指を指される;うしろゆびをさされる;to be talked about behind one's back;exp, v1;0;;;;;;;;;;;
後ろカゴ;うしろカゴ;rear basket (e.g. on a bicycle);n;0;;;;;;;;;;;
あなた;あなた;you;pn;5;Is the book yours?;あなたの<ruby>本<rt>ほん</rt></ruby>？;you;pn;dear, honey;pn;;;あなた方;あなた任せ;あなた達
あなた方;あなたがた;you (plural);pn;0;;;;;;;;;;;
あなた任せ;あなたまかせ;leaving (a matter) to others;n;0;;;;;;;;;;;
あなた達;あなたたち;you (plural);pn;0;;;;;;;;;;;
兄;あに;(my) older brother (humble);n;5;Do you have any sisters?;<ruby>女<rt>おんな</rt></ruby><ruby>兄弟<rt>きょうだい</rt></ruby>はいる？;older brother, elder brother;n;brother-in-law (spouse's older brother or older sister's husband);n;;;兄弟牆に鬩ぐ;兄妹喧嘩;兄たり難く弟たり難し
兄弟牆に鬩ぐ;けいていかきにせめぐ;to quarrel among friends (or siblings);exp, v5g;0;;;;;;;;;;;
兄妹喧嘩;きょうだいげんか;quarrel between siblings;n, vs;0;;;;;;;;;;;
兄たり難く弟たり難し;けいたりがたくていたりがたし;both people are superb in skill (and thus it is hard to rank them);exp;0;;;;;;;;;;;
姉;あね;(my) older sister (humble);n;5;I don't have an older sister.;<ruby>姉<rt>あね</rt></ruby>はいない。;older sister, elder sister;n;;;;;姉様人形;姉妹喧嘩;姉さんかぶり
姉様人形;あねさまにんぎょう;paper doll modeled after a kimono-clad woman;n;0;;;;;;;;;;;
姉妹喧嘩;きょうだいげんか;quarrel between sisters;n, vs;0;;;;;;;;;;;
姉さんかぶり;あねさんかぶり;style of wrapping hair with a towel (worn by women while working);n;0;;;;;;;;;;;
アパート;アパート;apartment (abbr.);n;5;This is a great apartment.;いい<ruby>アパート<rt>あぱーと</rt></ruby>ね。;apartment building, apartment block, apartment house;n;apartment;n;;;アパートメントハウス;アパート荒らし;アパートメント
アパートメントハウス;アパートメントハウス;apartment house;n;0;;;;;;;;;;;
アパート荒らし;アパートあらし;apartment house robbery (robber);n;0;;;;;;;;;;;
アパートメント;アパートメント;apartment;n;0;;;;;;;;;;;
あの;あの;that over there, like that, that way, um...;adj-pn;5;Who is that man?;あの<ruby>人<rt>にん</rt></ruby><ruby>誰<rt>だれ</rt></ruby>？;that, those, the;adj-pn;;;;;あのね;あの子;あの人
あのね;あのね;look here;int;0;;;;;;;;;;;
あの子;あのこ;that child;pn;0;;;;;;;;;;;
あの人;あのひと;he;pn;0;;;;;;;;;;;
浴びる;あびる;to bathe, to shower;v1, vt;5;Are you going to shower?;<ruby>シャワー<rt>しゃわー</rt></ruby><ruby>浴<rt>あ</rt></ruby>びるの？;to dash over oneself (e.g. water), to take (e.g. shower), to bask in (e.g. the sun), to bathe in, to be flooded with (e.g. light), to be covered in;v1, vt;to suffer (e.g. an attack), to draw (e.g. criticism, attention, praise), to have heaped upon, to be showered with;v1, vt;;;日の目を浴びる;フットライトを浴びる;脚光を浴びる
日の目を浴びる;ひのめをあびる;to see the light of day;exp, v1;0;;;;;;;;;;;
フットライトを浴びる;フットライトをあびる;to appear on the stage;exp, v1;0;;;;;;;;;;;
脚光を浴びる;きゃっこうをあびる;to be performed (on the stage);exp, v1;0;;;;;;;;;;;
危ない;あぶない;dangerous, critical;adj-i;5;Look out!;<ruby>危<rt>あぶ</rt></ruby>ない！;dangerous, risky, hazardous, perilous, precarious;adj-i;in danger, in jeopardy, critical, grave, at risk;adj-i;uncertain, unreliable, insecure, unsteady, doubtful;adj-i;危ない橋を渡る;;
危ない橋を渡る;あぶないはしをわたる;to tread on thin ice;exp, v5r;0;;;;;;;;;;;
甘い;あまい;generous, sweet;adj-i;5;He's a pushover.;<ruby>甘<rt>あま</rt></ruby>いなあ。;sweet-tasting, sweet, sugary, sugared;adj-i;fragrant (smelling), sweet (music);adj-i;lightly salted, light in salt, not spicy;adj-i;甘いもの好き;甘いもの;甘い顔をする
甘いもの好き;あまいものずき;sweet tooth;n;0;;;;;;;;;;;
甘いもの;あまいもの;sweets;n;0;;;;;;;;;;;
甘い顔をする;あまいかおをする;to go easy on someone;exp, vs-i;0;;;;;;;;;;;
余り;あまり;not very, surplus;n, adj-no;5;Those are the leftovers from lunch.;これはお<ruby>昼<rt>ひる</rt></ruby>の<ruby>余<rt>あま</rt></ruby>りです。;remainder, remnant, rest, balance, surplus, remains (of a meal), leftovers;n, adj-no;(not) very, (not) much;adv;too much, excessively, overly;adv;余り物;余り物に福がある;余りに
余り物;あまりもの;leftovers;n;0;;;;;;;;;;;
余り物に福がある;あまりものにふくがある;do not despair because you are the last to take your pick;exp, v5r-i;0;;;;;;;;;;;
余りに;あまりに;too (much);adv;0;;;;;;;;;;;
雨;あめ;rain;n;5;Where is the rain?;<ruby>雨<rt>あめ</rt></ruby>はどこ？;rain;n;rainy day, rainy weather;n;the November suit (in hanafuda);n;雨後の筍;雨交じり;雨漏り
雨後の筍;うごのたけのこ;similar things turning up one after another;exp;0;;;;;;;;;;;
雨交じり;あめまじり;(something) mixed with rain (snow, wind, etc.);exp, adj-no;0;;;;;;;;;;;
雨漏り;あまもり;roof leak;n, vs, vi;0;;;;;;;;;;;
飴;あめ;(hard) candy;n;5;Whose candy is this?;これ、<ruby>誰<rt>だれ</rt></ruby>の<ruby>飴<rt>あめ</rt></ruby>？;(hard) candy, toffee;n;rice-sugar, sugar made from the starch of rice, potatoes, etc.;n;amber, yellowish-brown;n;飴と鞭;飴粕;飴売り
飴と鞭;アメとムチ;carrot and stick;exp, n;0;;;;;;;;;;;
飴粕;あめかす;residue left after making starch syrup;n;0;;;;;;;;;;;
飴売り;あめうり;candy vendor (esp. an Edo-period candy vendor who sold candy while walking around playing the flute or another musical instrument);n;0;;;;;;;;;;;
洗う;あらう;to wash;v5u, vt;5;Blood will have blood.;<ruby>血<rt>ち</rt></ruby>で<ruby>血<rt>ち</rt></ruby>を<ruby>洗<rt>あら</rt></ruby>う。;to wash, to cleanse, to rinse;v5u, vt;to inquire into, to investigate;v5u, vt;to purify (one's heart);v5u, vt;芋を洗うよう;猫耳を洗うと雨が降る;赤貧洗うが如し
芋を洗うよう;いもをあらうよう;with people jostling against one another;exp, adj-na;0;;;;;;;;;;;
猫耳を洗うと雨が降る;ねこみみをあらうとあめがふる;if a cat washes its ears, rain is coming;exp, v5r;0;;;;;;;;;;;
赤貧洗うが如し;せきひんあらうがごとし;extremely indigent;exp;0;;;;;;;;;;;
在る;ある;to be, to have;v5r-i, vi;5;The hut is below the peak.;<ruby>山小屋<rt>やまごや</rt></ruby>は<ruby>頂上<rt>ちょうじょう</rt></ruby>の<ruby>下<rt>した</rt></ruby>の<ruby>方<rt>ほう</rt></ruby>に<ruby>在<rt>あ</rt></ruby>る。;to be, to exist, to live;v5r-i, vi;to have;v5r-i, vi;to be located;v5r-i, vi;在るがまま;ある事ない事;有るだけ
在るがまま;あるがまま;as it is;exp, adj-no, adv, n;0;;;;;;;;;;;
ある事ない事;あることないこと;mixture of fact and fiction;exp, n;0;;;;;;;;;;;
有るだけ;あるだけ;all that one has;exp;0;;;;;;;;;;;
有る;ある;to be, to have;v5r-i, vi;5;Beautiful flowers have thorns.;<ruby>奇麗<rt>きれい</rt></ruby>な<ruby>花<rt>はな</rt></ruby>には<ruby>刺<rt>とげ</rt></ruby>が<ruby>有<rt>あ</rt></ruby>る。;to be, to exist, to live;v5r-i, vi;to have;v5r-i, vi;to be located;v5r-i, vi;ある事ない事;在るがまま;有るだけ
ある事ない事;あることないこと;mixture of fact and fiction;exp, n;0;;;;;;;;;;;
在るがまま;あるがまま;as it is;exp, adj-no, adv, n;0;;;;;;;;;;;
有るだけ;あるだけ;all that one has;exp;0;;;;;;;;;;;
歩く;あるく;to walk;v5k, vi;5;Are you a walking dictionary?;<ruby>歩<rt>ある</rt></ruby>く<ruby>辞書<rt>じしょ</rt></ruby>なの？;to walk;v5k, vi;;;;;練り歩く;浮かれ歩く;飲み歩く
練り歩く;ねりあるく;to parade;v5k, vi;0;;;;;;;;;;;
浮かれ歩く;うかれあるく;to gad about;v5k, vi;0;;;;;;;;;;;
飲み歩く;のみあるく;to go bar-hopping;v5k, vi;0;;;;;;;;;;;
あれ;あれ;that one (over there);pn;5;Let there be light!;<ruby>光<rt>ひかり</rt></ruby>あれ！;that, that thing;pn;that person;pn;then, that time;pn;備えあれば憂いなし;あれよあれよという間に;あらら
備えあれば憂いなし;そなえあればうれいなし;if you are prepared you don't have to worry;exp;0;;;;;;;;;;;
あれよあれよという間に;あれよあれよというまに;while looking on in blank amazement;exp;0;;;;;;;;;;;
あらら;あらら;tsk tsk;int;0;;;;;;;;;;;
いい, よい;いい, よい;good;n;5;All right.;いいよ。;evening, early night hours;n;;;;;良いとこ取り;いい年して;喉越しの良い
良いとこ取り;いいとこどり;focusing on only the good points or strong points;exp, n, vs;0;;;;;;;;;;;
いい年して;いいとしして;(in spite of) being old enough to know better;exp;0;;;;;;;;;;;
喉越しの良い;のどごしのいい;going down smoothly (esp. of beer);exp, adj-ix;0;;;;;;;;;;;
いいえ;いいえ;no, not at all;int;5;You're welcome.;いいえ！;no;int;you're welcome, not at all, don't mention it;int;;;;;
言う;いう;to say;v5u, vt;5;Don't lie!;うそを<ruby>言<rt>い</rt></ruby>うな！;to say, to utter, to declare;v5u, vt;to name, to call;v5u, vt;"to go (e.g. ""the alarm went ping""), to make a noise";v5u, vi;言うまでもない;言うまでもなく;言うことなし
言うまでもない;いうまでもない;goes without saying;exp, adj-i;0;;;;;;;;;;;
言うまでもなく;いうまでもなく;obviously;exp;0;;;;;;;;;;;
言うことなし;いうことなし;nothing one can say (e.g. about something perfect);exp;0;;;;;;;;;;;
家;いえ;house, home;n;5;She's my wife.;<ruby>家内<rt>かない</rt></ruby>だ。;house, residence, dwelling, home;n;family, household;n;lineage, family name;n;家来;家づくり;家探し
家来;けらい;retainer;n;0;;;;;;;;;;;
家づくり;いえづくり;house building;n;0;;;;;;;;;;;
家探し;いえさがし;house hunting;n, vs, vi;0;;;;;;;;;;;
いかが;いかが;how, in what way;adv;5;How about a bite to eat?;<ruby>一口<rt>ひとくち</rt></ruby>いかが？;how, in what way, how about;adv;questionable;adj-na;;;いかがお過ごしですか;いかがお過ごしでしょうか;ご機嫌いかがですか
いかがお過ごしですか;いかがおすごしですか;how are things with you?;exp;0;;;;;;;;;;;
いかがお過ごしでしょうか;いかがおすごしでしょうか;how are things with you?;exp;0;;;;;;;;;;;
ご機嫌いかがですか;ごきげんいかがですか;how are you?;exp;0;;;;;;;;;;;
行く;いく, ゆく;to go;v5k-s, vi;5;;;to go, to move (towards), to head (towards), to leave (for);v5k-s, vi;to move through, to travel across, to walk along (e.g. a road);v5k-s, vi;to go (well, badly, etc.), to proceed, to turn out, to get along;v5k-s, vi;行く先々;行くあて;上手く行く
行く先々;ゆくさきざき;everywhere;exp, n;0;;;;;;;;;;;
行くあて;いくあて;somewhere to go;n;0;;;;;;;;;;;
上手く行く;うまくいく;to go smoothly;exp, v5k-s;0;;;;;;;;;;;
いくつ;いくつ;how many, how old;adv;5;;;how many;adv;how old;adv;;;体がいくつあっても足りない;;
体がいくつあっても足りない;からだがいくつあってもたりない;being stretched too thin;exp;0;;;;;;;;;;;
いくら;いくら;how much, how many;n;5;How much for half a kilo?;500gいくら？;salted salmon roe;n;;;;;いくら何でも;負けないくらい;一山いくら
いくら何でも;いくらなんでも;no matter how you put it;exp;0;;;;;;;;;;;
負けないくらい;まけないくらい;as much as possible;exp, n, adv;0;;;;;;;;;;;
一山いくら;ひとやまいくら;dirt cheap;adj-no, n;0;;;;;;;;;;;
池;いけ;pond;n;5;;;pond;n;;;;;池谷・関彗星;池塘;溜池
池谷・関彗星;いけやせきすいせい;Comet Ikeya-Seki;n;0;;;;;;;;;;;
池塘;ちとう;bank (of a pond);n;0;;;;;;;;;;;
溜池;ためいけ;reservoir;n;0;;;;;;;;;;;
医者;いしゃ;doctor, physician;n;5;He is a doctor.;<ruby>彼<rt>かれ</rt></ruby>は<ruby>医者<rt>いしゃ</rt></ruby>だ。;doctor, physician;n;;;;;医者に掛ける;医者に掛かる;筍医者
医者に掛ける;いしゃにかける;to entrust to a doctor (for treatment);exp, v1;0;;;;;;;;;;;
医者に掛かる;いしゃにかかる;to consult a doctor;exp, v5r;0;;;;;;;;;;;
筍医者;たけのこいしゃ;young, inexperienced doctor;n;0;;;;;;;;;;;
椅子;いす;chair;n;5;I love this chair.;この<ruby>椅子<rt>いす</rt></ruby><ruby>大好<rt>だいす</rt></ruby>き。;chair, seat, stool, bench;n;post, position, seat, office;n;;;肘掛け椅子;椅子取りゲーム;スケベ椅子
肘掛け椅子;ひじかけいす;armchair;n;0;;;;;;;;;;;
椅子取りゲーム;いすとりゲーム;musical chairs;n;0;;;;;;;;;;;
スケベ椅子;スケベいす;shower stool with a u-shaped hole in the middle;n;0;;;;;;;;;;;
忙しい;いそがしい;busy (people, days);adj-i;5;Are you still busy?;まだ<ruby>忙<rt>いそが</rt></ruby>しい？;busy, occupied, hectic;adj-i;restless, hurried, fidgety;adj-i;;;気ぜわしい;心忙しい;
気ぜわしい;きぜわしい;restless;adj-i;0;;;;;;;;;;;
心忙しい;こころぜわしい;restless;adj-i;0;;;;;;;;;;;
痛い;いたい;hurt, painful, sore;adj-i;5;That hurts.;<ruby>痛<rt>いた</rt></ruby>い。;painful, sore;adj-i;cringy, embarrassing;adj-i;;;痛いところを突く;痛い目にあう;痛い目に遭わせる
痛いところを突く;いたいところをつく;to hit a nerve;exp, v5k;0;;;;;;;;;;;
痛い目にあう;いたいめにあう;to go through a bitter experience;exp, v5u;0;;;;;;;;;;;
痛い目に遭わせる;いたいめにあわせる;to make (a person) pay for (something);exp, v1;0;;;;;;;;;;;
一;いち;one;num, pref;5;Again!;もう<ruby>一回<rt>いっかい</rt></ruby>！;one, 1;num, pref;best;adj-no, suf;first, foremost;adj-no;一ヶ月;一箇所;一箇年
一ヶ月;いっかげつ;one month;n;0;;;;;;;;;;;
一箇所;いっかしょ;one place;n;0;;;;;;;;;;;
一箇年;いっかねん;one year;n;0;;;;;;;;;;;
一日;いちにち;one day (duration);n, adv;5;One more day to go.;あと<ruby>一日<rt>ついたち</rt></ruby>だ。;one day;n, adv;all day (long), the whole day, from morning till night;adv, n;first day of the month;n;一日中;一日の長;一日一日
一日中;いちにちじゅう;all day long;adv, n;0;;;;;;;;;;;
一日の長;いちじつのちょう;slight superiority (in knowledge, experience, ability, etc.);exp, n;0;;;;;;;;;;;
一日一日;いちにちいちにち;gradually;adv, adv-to;0;;;;;;;;;;;
一番;いちばん;best (most), first, number one;n, adj-no;5;I'm first.;<ruby>私<rt>わたし</rt></ruby>が<ruby>一番<rt>いちばん</rt></ruby>。;number one, first, first place;n, adj-no;best, most;adv;game, round, bout;n;一番乗り;一番目;一番手
一番乗り;いちばんのり;first rider in a charge;n, vs, vi;0;;;;;;;;;;;
一番目;いちばんめ;first (in a series);n, adj-no;0;;;;;;;;;;;
一番手;いちばんて;first person (to do);n;0;;;;;;;;;;;
いつ;いつ;when;pn;5;Who's that guy?;あいつ<ruby>誰<rt>だれ</rt></ruby>？;when, at what time, how soon;pn;normal times, ordinary days;pn;;;いつ何時;食いつきがいい;イツメン
いつ何時;いつなんどき;at any time;adv;0;;;;;;;;;;;
食いつきがいい;くいつきがいい;(bait is) taking well;exp, adj-i;0;;;;;;;;;;;
イツメン;イツメン;one's group of (close) friends;n;0;;;;;;;;;;;
五日;いつか;five days, fifth day of the month;n;5;Give me five days.;<ruby>五日<rt>いつか</rt></ruby><ruby>待<rt>ま</rt></ruby>ってくれ。;5th day of the month;n;five days;n;;;五日熱;１５日;２５日
五日熱;いつかねつ;trench fever;n;0;;;;;;;;;;;
１５日;じゅうごにち;15th day of the month;n;0;;;;;;;;;;;
２５日;にじゅうごにち;25th day of the month;n;0;;;;;;;;;;;
一緒;いっしょ;together;n;5;Come with me.;<ruby>一緒<rt>いっしょ</rt></ruby>に<ruby>来<rt>き</rt></ruby>て。;(doing) together;n;one lump, one mixture, the same category;n;the same, identical;adj-no, n;糞も味噌も一緒;一緒に;一緒くた
糞も味噌も一緒;くそもみそもいっしょ;not distinguishing between what's good and bad;exp;0;;;;;;;;;;;
一緒に;いっしょに;together (with);adv;0;;;;;;;;;;;
一緒くた;いっしょくた;jumble;n;0;;;;;;;;;;;
五つ;いつつ;five things;num;5;She divided the cake into five pieces.;<ruby>彼女<rt>かのじょ</rt></ruby>は<ruby>ケーキ<rt>けーき</rt></ruby>を<ruby>五<rt>いつ</rt></ruby>つに<ruby>分<rt>わ</rt></ruby>けた。;five;num;five years of age;n;eight o'clock (old time system);n;五つ子;５つ星;
五つ子;いつつご;quintuplets;n;0;;;;;;;;;;;
５つ星;いつつぼし;five stars (rating);n, adj-no;0;;;;;;;;;;;
いつも;いつも;always, usually, every time, never (with neg. verb);adv;5;Is it always like this?;いつもこうなの？;always, all the time, at all times;adv;never;adv;usual, regular, habitual, customary;adj-no, n;いつも通り;いつもの通りに;いつもの様に
いつも通り;いつもどおり;as always;adv, adj-no;0;;;;;;;;;;;
いつもの通りに;いつものとおりに;as always;exp, adv;0;;;;;;;;;;;
いつもの様に;いつものように;as usual;exp, adv;0;;;;;;;;;;;
犬;いぬ;dog;n;5;;;dog (Canis (lupus) familiaris), canine;n;squealer, rat, snitch, informer, informant, spy;n;loser, asshole;n;犬かき;犬ぞり;犬も歩けば棒に当たる
犬かき;いぬかき;dog paddle (swimming style);n;0;;;;;;;;;;;
犬ぞり;いぬぞり;dog sled;n;0;;;;;;;;;;;
犬も歩けば棒に当たる;いぬもあるけばぼうにあたる;bad things happen to those who attempt things;exp, v5r;0;;;;;;;;;;;
今;いま;now;n, adj-no, adv;5;;;now, the present time, just now, soon, immediately;n, adj-no, adv;another, more;adv;;;今日この頃;今はこれまで;今一
今日この頃;きょうこのごろ;these days;exp;0;;;;;;;;;;;
今はこれまで;いまはこれまで;unavoidable;conj, exp, adv;0;;;;;;;;;;;
今一;いまいち;not quite (right);adv;0;;;;;;;;;;;
意味;いみ;meaning, significance;n, vs, vt;5;What do you mean?;どういう<ruby>意味<rt>いみ</rt></ruby>？;meaning, significance, sense;n, vs, vt;;;;;意味ありげ;意味合い;意味深長
意味ありげ;いみありげ;meaningful;exp, adj-na;0;;;;;;;;;;;
意味合い;いみあい;implication;n;0;;;;;;;;;;;
意味深長;いみしんちょう;with profound (and often hidden) meaning;adj-na, n;0;;;;;;;;;;;
妹;いもうと;younger sister (humble);n;5;My sister is pretty.;<ruby>妹<rt>いもうと</rt></ruby>は<ruby>美人<rt>びじん</rt></ruby>だ。;younger sister;n;;;;;妹背;妹さん;妹婿
妹背;いもせ;couple;n;0;;;;;;;;;;;
妹さん;いもうとさん;younger sister;n;0;;;;;;;;;;;
妹婿;いもうとむこ;the husband of one's younger sister;n;0;;;;;;;;;;;
嫌;いや;disagreeable, detestable, unpleasant;adj-na;5;No good guy.;<ruby>嫌<rt>いや</rt></ruby>な<ruby>奴<rt>やつ</rt></ruby>。;disliking, not wanting, unwilling (to do), reluctant;adj-na;unpleasant, disagreeable, nasty, horrible, disgusting, undesirable, unwelcome;adj-na;no!, quit it!, stop!;int;嫌気がさす;嫌われ者;嫌事
嫌気がさす;いやけがさす;to be tired of;exp, v5s;0;;;;;;;;;;;
嫌われ者;きらわれもの;hated person;n;0;;;;;;;;;;;
嫌事;いやこと;unpleasant comment;n;0;;;;;;;;;;;
入口;いりぐち;entrance;n;5;He stood by the entrance.;<ruby>入口<rt>いりぐち</rt></ruby>の<ruby>側<rt>がわ</rt></ruby>で<ruby>立<rt>た</rt></ruby>った。;entrance, entry, gate, approach, mouth;n;;;;;入り口点;出入り口;取り入れ口
入り口点;いりぐちてん;entry point;n;0;;;;;;;;;;;
出入り口;でいりぐち;exit and entrance;n;0;;;;;;;;;;;
取り入れ口;とりいれぐち;an intake;n;0;;;;;;;;;;;
居る;いる;(humble) to be (animate), to exist;v1, vi;5;Are they in?;<ruby>奴<rt>やつ</rt></ruby>ら、<ruby>中<rt>なか</rt></ruby>に<ruby>居<rt>い</rt></ruby>るの？;to be (of animate objects), to exist;v1, vi;to stay;v1, vi;to be ...-ing;aux-v, v1;群れ居る;並み居る;腹がいる
群れ居る;むれいる;to crowd in;v1, vi;0;;;;;;;;;;;
並み居る;なみいる;to sit in a row;v1, vi;0;;;;;;;;;;;
腹がいる;はらがいる;to calm down;exp, v1;0;;;;;;;;;;;
要る;いる;to need;v5r, vi;5;Do you want a car?;<ruby>車<rt>くるま</rt></ruby>が<ruby>要<rt>い</rt></ruby>るの？;to be needed, to be necessary, to be required, to be wanted, to need, to want;v5r, vi;;;;;;;
入れる;いれる;to put in;v1, vt;5;Would you like ice?;<ruby>氷<rt>こおり</rt></ruby>は<ruby>入<rt>い</rt></ruby>れる？;to put in, to let in, to take in, to bring in, to insert, to install (e.g. software), to set (a jewel, etc.), to ink in (e.g. tattoo);v1, vt;to admit, to accept, to employ, to hire;v1, vt;to accept, to comply, to grant, to adopt (a policy, etc.), to take (advice, etc.), to listen to, to pay attention to;v1, vt;取り入れる;茶々を入れる;活を入れる
取り入れる;とりいれる;to take in;v1, vt;0;;;;;;;;;;;
茶々を入れる;ちゃちゃをいれる;to interrupt (with frivolous remarks, silly jokes, etc.);exp, v1;0;;;;;;;;;;;
活を入れる;かつをいれる;to apply the art of resuscitation (in judo, etc.);exp, v1;0;;;;;;;;;;;
色;いろ;color;n;5;What colour is it?;<ruby>何色<rt>なにいろ</rt></ruby>なの？;colour, color, hue, tint, tinge, shade;n;complexion, skin colour, skin color;n;look (on one's face), expression;n;色刷り;色ボケ;色々
色刷り;いろずり;colour printing;n;0;;;;;;;;;;;
色ボケ;いろぼけ;person obsessed with thoughts of sex;n, vs, vi;0;;;;;;;;;;;
色々;いろいろ;various;adj-na, adj-no;0;;;;;;;;;;;
色々;いろいろ;various;adj-na, adj-no;5;Thanks for everything.;<ruby>色々<rt>いろいろ</rt></ruby>ありがとう。;various, a variety of, all sorts of, many (different);adj-na, adj-no;variously, in various ways, in many ways;adv, adv-to;various things, this and that;n;色々あって;その他いろいろ;
色々あって;いろいろあって;what with this and that;exp;0;;;;;;;;;;;
その他いろいろ;そのほかいろいろ;and various other things;exp, adj-na;0;;;;;;;;;;;
上;うえ;above (up, top, etc.), over, on top of;n, adj-no;5;That's all.;<ruby>以上<rt>いじょう</rt></ruby>。;above, over, up;n, adj-no;top, summit, upper part, head (e.g. of a staircase);n;surface, on (top of);n;上がり框;上蓋;上頸
上がり框;あがりがまち;piece of wood at the front edge of an entranceway floor;n;0;;;;;;;;;;;
上蓋;あげぶた;trap door;n;0;;;;;;;;;;;
上頸;あげくび;neckband;n;0;;;;;;;;;;;
後ろ;うしろ;back, behind, rear;n, adj-no;5;Look back!;<ruby>後<rt>うし</rt></ruby>ろを<ruby>見<rt>み</rt></ruby>ろ。;back, behind, rear;n, adj-no;;;;;後ろ足;後ろ指を指される;後ろカゴ
後ろ足;うしろあし;hind leg;n;0;;;;;;;;;;;
後ろ指を指される;うしろゆびをさされる;to be talked about behind one's back;exp, v1;0;;;;;;;;;;;
後ろカゴ;うしろカゴ;rear basket (e.g. on a bicycle);n;0;;;;;;;;;;;
薄い;うすい;thin, weak;adj-i;5;He is always in the background.;あの<ruby>人<rt>にん</rt></ruby>は<ruby>影<rt>かげ</rt></ruby>が<ruby>薄<rt>うす</rt></ruby>い。;thin (of an object);adj-i;pale, light, faint;adj-i;watery, thin, diluted;adj-i;薄い板;薄い色;薄い本
薄い板;うすいいた;sheet;exp, n;0;;;;;;;;;;;
薄い色;うすいいろ;light color;exp, n;0;;;;;;;;;;;
薄い本;うすいほん;thin dōjinshi, usually featuring adult content;n;0;;;;;;;;;;;
歌;うた;a song;n;5;I can sing.;<ruby>歌<rt>うた</rt></ruby>える。;song, singing;n;classical Japanese poem (esp. tanka);n;modern poetry;n;歌かるた;歌うたい;歌合
歌かるた;うたかるた;utagaruta;n;0;;;;;;;;;;;
歌うたい;うたうたい;singer;n;0;;;;;;;;;;;
歌合;うたあわせ;poetry contest;n;0;;;;;;;;;;;
歌う;うたう;to sing;v5u, vt, vi;5;I can sing.;<ruby>歌<rt>うた</rt></ruby>える。;to sing;v5u, vt, vi;to sing of (love, beauty, etc.) in a poem, to express in the form of a poem, to recite (a poem);v5u, vt;;;歌うたい;空で歌う;喜び歌う
歌うたい;うたうたい;singer;n;0;;;;;;;;;;;
空で歌う;そらでうたう;to sing from memory;exp, v5u;0;;;;;;;;;;;
喜び歌う;よろこびうたう;to rejoice and sing;v5u;0;;;;;;;;;;;
うち;うち;home, house, my place;n;5;Are you at home now?;<ruby>今<rt>いま</rt></ruby>、お<ruby>家<rt>いえ</rt></ruby>？;one's house, one's home, one's family, one's household;n;house;n;;;暗々のうちに;うちなーすば;嫌よ嫌よも好きのうち
暗々のうちに;あんあんのうちに;secretly;exp, adv;0;;;;;;;;;;;
うちなーすば;うちなーすば;Okinawa soba (thick noodles served in a pork soup);n;0;;;;;;;;;;;
嫌よ嫌よも好きのうち;いやよいやよもすきのうち;saying no is also an expression of fondness;exp;0;;;;;;;;;;;
生まれる;うまれる;to be born;v1, vi;5;Was that before or after I was born?;それって、<ruby>私<rt>わたし</rt></ruby>が<ruby>生<rt>う</rt></ruby>まれる<ruby>前<rt>まえ</rt></ruby>？<ruby>後<rt>のち</rt></ruby>？;to be born;v1, vi;;;;;貧乏に生まれる;口から先に生まれる;口から生まれる
貧乏に生まれる;びんぼうにうまれる;to be born poor;exp, v1;0;;;;;;;;;;;
口から先に生まれる;くちからさきにうまれる;to be of an overly talkative disposition since birth;exp, v1;0;;;;;;;;;;;
口から生まれる;くちからうまれる;to be of an overly talkative disposition since birth;exp, v1;0;;;;;;;;;;;
海;うみ;sea, beach;n;5;A drop in the bucket.;<ruby>大海<rt>たいかい</rt></ruby>の<ruby>一滴<rt>いってき</rt></ruby>。;sea, ocean, waters;n;;;;;海辺;海がめ;海の藻屑
海辺;うみべ;beach;n, adj-no;0;;;;;;;;;;;
海がめ;うみがめ;sea turtle;n;0;;;;;;;;;;;
海の藻屑;うみのもくず;watery grave;exp, n;0;;;;;;;;;;;
売る;うる;to sell (v.t.);v5r, vt;5;He sells fruit.;<ruby>彼<rt>かれ</rt></ruby>は<ruby>果物<rt>くだもの</rt></ruby>を<ruby>売<rt>う</rt></ruby>る。;to sell;v5r, vt;to betray, to sell out (one's friend, country, etc.);v5r, vt;to make (oneself) known, to establish (a reputation) for oneself;v5r, vt;油を売る;喧嘩を売る;売るほど
油を売る;あぶらをうる;to loaf around (on the job);exp, v5r;0;;;;;;;;;;;
喧嘩を売る;けんかをうる;to pick a fight;exp, v5r;0;;;;;;;;;;;
売るほど;うるほど;so many (that one would want to sell some);adv;0;;;;;;;;;;;
うるさい;うるさい;noisy, annoying;adj-i;5;Hey you, shut up!;うるさい！;noisy, loud;adj-i;annoying, troublesome, tiresome, persistent, importunate;adj-i;fussy, finicky, picky, particular, nagging, fastidious, bossy;adj-i;口うるさい;小うるさい;口がうるさい
口うるさい;くちうるさい;nagging;adj-i;0;;;;;;;;;;;
小うるさい;こうるさい;particular;adj-i;0;;;;;;;;;;;
口がうるさい;くちがうるさい;rumouring;exp, adj-i;0;;;;;;;;;;;
上着;うわぎ;coat, jacket;n;5;Where's your jacket?;あなたの<ruby>上着<rt>うわぎ</rt></ruby>はどこ？;coat, jacket, outerwear;n;top, upper-body garment;n;;;;;
絵;え;a painting, a picture, a drawing;n;5;;;picture, drawing, painting, sketch;n;image (TV, film, etc.), picture, footage;n;;;絵葉書;絵を描く;絵かき
絵葉書;えはがき;picture postcard;n;0;;;;;;;;;;;
絵を描く;えをかく;to paint a picture;exp, v5k;0;;;;;;;;;;;
絵かき;えかき;painter;n;0;;;;;;;;;;;
映画;えいが;movie, film;n;5;;;movie, film, motion picture;n;;;;;映画館;映画化;映画監督
映画館;えいがかん;movie theatre;n;0;;;;;;;;;;;
映画化;えいがか;making (a book, etc.) into a film;n, vs, vt;0;;;;;;;;;;;
映画監督;えいがかんとく;movie director;n;0;;;;;;;;;;;
映画館;えいがかん;movie theater, cinema;n;5;;;movie theatre, movie theater, cinema;n;;;;;;;
英語;えいご;English (language);n;5;Speak English.;<ruby>英語<rt>えいご</rt></ruby>で<ruby>話<rt>はな</rt></ruby>せ！;English (language);n;;;;;英語基礎能力試験;英語版;英語塾
英語基礎能力試験;えいごきそのうりょくしけん;English Language Proficiency Test;n;0;;;;;;;;;;;
英語版;えいごばん;English version;n;0;;;;;;;;;;;
英語塾;えいごじゅく;private school for the study of English;n;0;;;;;;;;;;;
ええ;ええ;yes;int;5;Yes.;ええ。;yes, that is correct, right;int;um, errr, well;int;huh?;int;ええ格好しい;えっと;ええいままよ
ええ格好しい;ええかっこしい;person who always wants to make a good impression;n;0;;;;;;;;;;;
えっと;えっと;let me see;int;0;;;;;;;;;;;
ええいままよ;ええいままよ;what do I care;int;0;;;;;;;;;;;
駅;えき;station;n;5;Is that the station?;あれが<ruby>駅<rt>えき</rt></ruby>なの？;railway station, train station;n;staging post on a highway (in pre-modern Japan);n;counter for railway stations and bus stations;ctr;駅止め;駅貼りポスター;駅近
駅止め;えきどめ;delivery of freight to a station;n;0;;;;;;;;;;;
駅貼りポスター;えきばりポスター;advertising poster in a station;n;0;;;;;;;;;;;
駅近;えきちか;close to a station;adj-no, n;0;;;;;;;;;;;
エレベーター;エレベーター;elevator;n;5;Let's take the elevator!;<ruby>エレベーター<rt>えれべーたー</rt></ruby><ruby>使<rt>つか</rt></ruby>おう！;elevator, lift;n;elevator;n;;;エレベーターホール;エレベーターガール;エレベーター力士
エレベーターホール;エレベーターホール;elevator landing;n;0;;;;;;;;;;;
エレベーターガール;エレベーターガール;female elevator operator;n;0;;;;;;;;;;;
エレベーター力士;エレベーターりきし;wrestler who keeps going up and down the rankings;n;0;;;;;;;;;;;
～円;～えん;Yen;n;5;It's 50 yen.;５０<ruby>円<rt>えん</rt></ruby>です。;yen (currency of Japan);n;circle;n;;;１０円ハゲ;丸み;円形
１０円ハゲ;じゅうえんはげ;spot baldness;n;0;;;;;;;;;;;
丸み;まるみ;roundness;n;0;;;;;;;;;;;
円形;えんけい;round shape;n;0;;;;;;;;;;;
鉛筆;えんぴつ;pencil;n;5;This is a pencil.;これは<ruby>鉛筆<rt>えんぴつ</rt></ruby>。;pencil;n;;;;;鉛筆の芯;鉛筆柏槙;鉛筆削り
鉛筆の芯;えんぴつのしん;lead of a pencil;exp, n;0;;;;;;;;;;;
鉛筆柏槙;えんぴつびゃくしん;eastern red cedar (Juniperus virginiana);n;0;;;;;;;;;;;
鉛筆削り;えんぴつけずり;pencil sharpener;n;0;;;;;;;;;;;
お～;お～;honorable ~ (honorific);n;5;;;cord, strap, thong;n;string (of a musical instrument, bow, etc.);n;;;お待ちどおさま;お腹が空く;お取り寄せ
お待ちどおさま;おまちどおさま;I'm sorry to have kept you waiting;exp;0;;;;;;;;;;;
お腹が空く;おなかがすく;to get hungry;exp, v5k;0;;;;;;;;;;;
お取り寄せ;おとりよせ;ordering (online, mail);n;0;;;;;;;;;;;
美味しい;おいしい;delicious, tasty;adj-i;5;Yummy!;<ruby>美味<rt>おい</rt></ruby>しい！;good(-tasting), nice, delicious, tasty;adj-i;attractive (offer, opportunity, etc.), appealing, convenient, favorable, desirable, profitable;adj-i;;;おいしいところを持っていく;;
おいしいところを持っていく;おいしいところをもっていく;to take a big bite;exp, v5k-s;0;;;;;;;;;;;
多い;おおい;many, there are a lot;adj-i;5;I have many doubts.;<ruby>疑問<rt>ぎもん</rt></ruby>が<ruby>多<rt>おお</rt></ruby>い。;many, numerous, a lot;adj-i;large amount of, large quantity of, a lot, much;adj-i;frequent, common;adj-i;恐れ多い;大いに;一番多い
恐れ多い;おそれおおい;awesome;adj-i;0;;;;;;;;;;;
大いに;おおいに;very;adv;0;;;;;;;;;;;
一番多い;いちばんおおい;most numerous;exp, adj-i;0;;;;;;;;;;;
大きい;おおきい;big, large;adj-i;5;It's big.;<ruby>大<rt>おお</rt></ruby>きいね。;big, large, great;adj-i;loud;adj-i;extensive, spacious;adj-i;よるところが大きい;気が大きい;径の大きい
よるところが大きい;よるところがおおきい;depending largely on;exp, adj-i;0;;;;;;;;;;;
気が大きい;きがおおきい;generous;exp, adj-i;0;;;;;;;;;;;
径の大きい;けいのおおきい;of large diameter;exp;0;;;;;;;;;;;
大きな;おおきな;big;adj-pn;5;It's a big house.;<ruby>大<rt>おお</rt></ruby>きな<ruby>家<rt>いえ</rt></ruby>ね。;big, large, great;adj-pn;;;;;大きなお世話;大きな政府;大きな顔をする
大きなお世話;おおきなおせわ;none of your business!;exp, n;0;;;;;;;;;;;
大きな政府;おおきなせいふ;big government;exp, n;0;;;;;;;;;;;
大きな顔をする;おおきなかおをする;to look as if one is important;exp, vs-i;0;;;;;;;;;;;
大勢;おおぜい;great number of people;n, adj-no;5;Were there many people watching?;<ruby>大勢<rt>おおぜい</rt></ruby>の<ruby>人<rt>にん</rt></ruby>が<ruby>見<rt>み</rt></ruby>てた？;crowd of people, great number of people;n, adj-no;in great numbers;adv;;;大勢順応;その他大勢;
大勢順応;たいせいじゅんのう;conformism;n;0;;;;;;;;;;;
その他大勢;そのたおおぜい;(and) many others;exp, n;0;;;;;;;;;;;
お母さん;おかあさん;mother (formal);n;5;How old is Mom?;お<ruby>母<rt>かあ</rt></ruby>さんは<ruby>何歳<rt>なんさい</rt></ruby>？;mother, mom, mum, ma;n;wife;n;you (of an elderly person older than the speaker), she, her;pn;お母さんっ子;お母さんコーラス;
お母さんっ子;おかあさんっこ;mother's boy;n;0;;;;;;;;;;;
お母さんコーラス;おかあさんコーラス;housewives' choral group;n;0;;;;;;;;;;;
お菓子;おかし;confections, sweets, snack;n;5;Buy me a snack.;お<ruby>菓子<rt>かし</rt></ruby><ruby>買<rt>か</rt></ruby>ってよ。;confections, sweets, candy, cake;n;;;;;お菓子作り;;
お菓子作り;おかしづくり;confectionery making;n;0;;;;;;;;;;;
お金;おかね;money;n;5;Do you have any money?;お<ruby>金<rt>きん</rt></ruby>ある？;money;n;;;;;お金持ち;お金を下ろす;細かいお金
お金持ち;おかねもち;rich person;n;0;;;;;;;;;;;
お金を下ろす;おかねをおろす;to withdraw money;exp, v5s;0;;;;;;;;;;;
細かいお金;こまかいおかね;small change;exp, n;0;;;;;;;;;;;
起きる;おきる;to get up (e.g., from sleeping), to happen;v1, vi;5;When are you going to get up?;いつ<ruby>起<rt>お</rt></ruby>きるの？;to get up, to rise, to blaze up (fire);v1, vi;to wake up, to be awake, to stay awake;v1, vi;to occur (usu. of unfavourable incidents), to happen, to take place;v1, vi;跳ね起きる;飛び起きる;
跳ね起きる;はねおきる;to jump up;v1, vi;0;;;;;;;;;;;
飛び起きる;とびおきる;to jump up to one's feet;v1, vi;0;;;;;;;;;;;
置く;おく;to put, to lay, to place;v5k, vt;5;Where does this book go?;この<ruby>本<rt>ほん</rt></ruby>どこに<ruby>置<rt>お</rt></ruby>くの？;to put, to place;v5k, vt;to leave (behind);v5k, vt;to establish (an organization, a facility, a position, etc.), to set up;v5k, vt;留め置く;さて置く;脇に置く
留め置く;とめおく;to detain;v5k, vt;0;;;;;;;;;;;
さて置く;さておく;to set aside;v5k, vt;0;;;;;;;;;;;
脇に置く;わきにおく;to lay aside;exp, v5k;0;;;;;;;;;;;
奥さん;おくさん;(someone else's) wife (hon.);n;5;How is the wife?;<ruby>奥<rt>おく</rt></ruby>さんはお<ruby>元気<rt>げんき</rt></ruby>？;wife, your wife, his wife, married lady, madam;n;;;;;奥さん孝行;;
奥さん孝行;おくさんこうこう;devotion to one's wife;n;0;;;;;;;;;;;
お酒;おさけ;sake, alcohol;n;5;Are you drinking?;お<ruby>酒飲<rt>さけのみ</rt></ruby>んでるの？;alcohol, sake;n;;;;;;;
お皿;おさら;plate, dish;n;5;Have you washed the dishes?;お<ruby>皿<rt>さら</rt></ruby>は<ruby>洗<rt>あら</rt></ruby>った？;plate, dish;n;;;;;;;
伯父, 叔父さん;おじさん;uncle, middle-aged man;n;5;;;uncle;n;old man, mister;n;manybar goatfish (Parupeneus multifasciatus);n;おじ様;伯父貴;伯父御
おじ様;おじさま;uncle;n;0;;;;;;;;;;;
伯父貴;おじき;uncle (older than one's parent);n;0;;;;;;;;;;;
伯父御;おじご;uncle;n;0;;;;;;;;;;;
おじいさん;おじいさん;grandfather, male senior citizen;n;5;I take care of my grandfather.;おじいさんの<ruby>世話<rt>せわ</rt></ruby>をする。;grandfather;n;male senior-citizen, old man;n;;;曾おじいさん;;
曾おじいさん;ひいおじいさん;great-grandfather;n;0;;;;;;;;;;;
教える;おしえる;to teach, to inform, to instruct;v1, vt;5;Tom teaches.;<ruby>トム<rt>とむ</rt></ruby>は<ruby>教<rt>おし</rt></ruby>える。;to teach, to instruct;v1, vt;to tell, to inform, to show;v1, vt;to preach;v1, vt;背中で教える;;
背中で教える;せなかでおしえる;to teach by example;exp, v1;0;;;;;;;;;;;
押す;おす;to push, to press, to stamp (e.g., a passport);v5s, vt;5;Don't push.;<ruby>押<rt>お</rt></ruby>すなよ。;to push, to thrust, to shove;v5s, vt;to press (down), to push (e.g. a button), to exert pressure on;v5s, vt;to stamp (e.g. one's name), to affix (a seal);v5s, vt;押すな押すな;焼印を押す;念を押す
押すな押すな;おすなおすな;crowded (e.g. with people);adj-no;0;;;;;;;;;;;
焼印を押す;やきいんをおす;to brand (cattle, etc.);exp, v5s;0;;;;;;;;;;;
念を押す;ねんをおす;to remind (someone of something);exp, v5s;0;;;;;;;;;;;
遅い;おそい;slow, (to be) late;adj-i;5;Tom's late.;<ruby>トム<rt>とむ</rt></ruby>は<ruby>遅<rt>おそ</rt></ruby>い。;slow;adj-i;late;adj-i;too late;adj-i;一足遅い;足が遅い;足の遅い
一足遅い;ひとあしおそい;slightly late;adj-i;0;;;;;;;;;;;
足が遅い;あしがおそい;to be slow-footed;exp;0;;;;;;;;;;;
足の遅い;あしのおそい;slow-footed;adj-i;0;;;;;;;;;;;
お茶;おちゃ;(green) tea;n;5;It's tea.;お<ruby>茶<rt>ちゃ</rt></ruby>です。;tea (esp. green or barley);n;tea break, teatime;n, vs, vi;tea ceremony;n;お茶請け;お茶を入れる;お茶を濁す
お茶請け;おちゃうけ;cake or snack served with tea;n;0;;;;;;;;;;;
お茶を入れる;おちゃをいれる;to make tea;exp, v1;0;;;;;;;;;;;
お茶を濁す;おちゃをにごす;to evade (questions);exp, v5s;0;;;;;;;;;;;
お手洗い;おてあらい;toilet, restroom, bathroom (lit., a place to wash one's hands);n;5;Where is the bathroom?;お<ruby>手洗<rt>てあら</rt></ruby>いはどこですか？;toilet, restroom, lavatory, bathroom;n;;;;;;;
お父さん;おとうさん;father (formal);n;5;What did dad say?;お<ruby>父<rt>とう</rt></ruby>さんは<ruby>何<rt>なん</rt></ruby>て？;father, dad, papa, pa, pop, daddy, dada;n;husband;n;you (of an elderly person older than the speaker), he, him;pn;お父さん子;お父さんっ子;
お父さん子;おとうさんこ;daddy's girl;n;0;;;;;;;;;;;
お父さんっ子;おとうさんっこ;daddy's girl;n;0;;;;;;;;;;;
弟;おとうと;younger brother;n;5;What's your younger brother's name?;<ruby>弟<rt>おとうと</rt></ruby>の<ruby>名前<rt>なまえ</rt></ruby>は？;younger brother, little brother, kid brother;n;brother-in-law (spouse's younger brother or younger sister's husband);n;pupil, apprentice;n;又従兄弟;兄弟牆に鬩ぐ;弟子入り
又従兄弟;またいとこ;second cousin;n;0;;;;;;;;;;;
兄弟牆に鬩ぐ;けいていかきにせめぐ;to quarrel among friends (or siblings);exp, v5g;0;;;;;;;;;;;
弟子入り;でしいり;becoming a pupil (of);n, vs, vi;0;;;;;;;;;;;
男;おとこ;man, male;n, n-pref;5;Jerk.;<ruby>ゲス<rt>げす</rt></ruby><ruby>男<rt>おとこ</rt></ruby>。;man, male;n, n-pref;fellow, guy, chap, bloke;n;male lover, boyfriend, man;n;男日照り;男伊達;男やもめ
男日照り;おとこひでり;scarcity of eligible men;n;0;;;;;;;;;;;
男伊達;おとこだて;chivalrous spirit;n;0;;;;;;;;;;;
男やもめ;おとこやもめ;widower;n;0;;;;;;;;;;;
男の子;おとこのこ;boy;exp, n;5;It's a boy.;<ruby>男の子<rt>おとこのこ</rt></ruby>ですよ。;boy, son, baby boy;exp, n;young man;exp, n;;;;;
一昨日;おととい;the day before yesterday;n, adv;5;Two days ago the wind blew.;<ruby>一昨日<rt>いっさくじつ</rt></ruby><ruby>風<rt>かぜ</rt></ruby>が<ruby>吹<rt>ふ</rt></ruby>いた。;day before yesterday;n, adv;;;;;おととい来やがれ;;
おととい来やがれ;おとといきやがれ;don't you ever come here again!;exp;0;;;;;;;;;;;
おととし;おととし;year before last;n, adv;5;I climbed this mountain the year before last.;<ruby>私<rt>わたし</rt></ruby>は<ruby>一昨年<rt>いっさくねん</rt></ruby>この<ruby>山<rt>やま</rt></ruby>に<ruby>登<rt>のぼ</rt></ruby>りました。;year before last;n, adv;;;;;;;
大人;おとな;adult;n, adj-no, adj-na;5;Tom is an adult.;<ruby>トム<rt>とむ</rt></ruby>は<ruby>大人<rt>おとな</rt></ruby>だ。;adult, grown-up;n, adj-no, adj-na;;;;;大人げない;大人ニキビ;大人のおもちゃ
大人げない;おとなげない;immature;adj-i;0;;;;;;;;;;;
大人ニキビ;おとなニキビ;adult acne;n;0;;;;;;;;;;;
大人のおもちゃ;おとなのおもちゃ;adult toy;exp, n;0;;;;;;;;;;;
お腹;おなか;stomach;n;5;I'm stuffed!;お<ruby>腹一杯<rt>はらいっぱい</rt></ruby>！;belly, abdomen, stomach;n;;;;;お腹が空く;お腹が減る;お腹を空かす
お腹が空く;おなかがすく;to get hungry;exp, v5k;0;;;;;;;;;;;
お腹が減る;おなかがへる;to become hungry;exp, v5r;0;;;;;;;;;;;
お腹を空かす;おなかをすかす;to feel hungry;exp, v5s;0;;;;;;;;;;;
同じ;おなじ;same, identical;adj-f, adj-na;5;Same here.;<ruby>同<rt>おな</rt></ruby>じく。;same, identical, equal, alike, equivalent;adj-f, adj-na;anyway, in any case, if one must ..., if one has to ..., as long as ...;adv;;;同じ穴のムジナ;同じよう;同じくらい
同じ穴のムジナ;おなじあなのむじな;(villains) of the same stripe;exp, n;0;;;;;;;;;;;
同じよう;おなじよう;similar;adj-na;0;;;;;;;;;;;
同じくらい;おなじくらい;approximately the same;exp;0;;;;;;;;;;;
お兄さん;おにいさん;(someone else's) older brother (formal);n;5;How old is your brother?;お<ruby>兄<rt>にい</rt></ruby>さんは<ruby>何歳<rt>なんさい</rt></ruby>ですか？;older brother, elder brother;n;young man, buddy, fella, laddie;n;;;義理のお兄さん;;
義理のお兄さん;ぎりのおにいさん;one's brother-in-law;n;0;;;;;;;;;;;
お姉さん;おねえさん;older sister (formal);n;5;It's about your sister.;お<ruby>姉<rt>ねえ</rt></ruby>さんのことよ。;older sister, elder sister;n;young lady;n;miss;n;お姉さん座り;お姉さんパンツ;お天気お姉さん
お姉さん座り;おねえさんすわり;sitting on the floor with one's legs tucked under to one side;n, vs, vi;0;;;;;;;;;;;
お姉さんパンツ;おねえさんパンツ;female underwear (esp. when transitioning from diapers);n;0;;;;;;;;;;;
お天気お姉さん;おてんきおねえさん;weather girl;n;0;;;;;;;;;;;
伯母さん, 叔母さん;おばさん;aunt;n;5;;;aunt;n;;;;;;;
おばあさん;おばあさん;grandmother, female senior-citizen;n;5;My grandmother cannot see.;<ruby>私<rt>わたし</rt></ruby>のおばあさんはめくらです。;grandmother;n;old woman, female senior citizen;n;;;曾おばあさん;;
曾おばあさん;ひいおばあさん;great-grandmother;n;0;;;;;;;;;;;
お風呂;おふろ;a bath;n;5;Do you want a bath?;お<ruby>風呂<rt>ふろ</rt></ruby>にする？;bath;n;;;;;お風呂に入る;お風呂屋;
お風呂に入る;おふろにはいる;to take a bath;exp, v5r;0;;;;;;;;;;;
お風呂屋;おふろや;public bathhouse;n;0;;;;;;;;;;;
お弁当;おべんとう;a boxed lunch;n;5;Is that Tom's lunch box?;あれは<ruby>トム<rt>とむ</rt></ruby>のお<ruby>弁当箱<rt>べんとうばこ</rt></ruby>？;bento, Japanese box lunch;n;;;;;お弁当つけて;;
お弁当つけて;おべんとうつけて;with rice stuck on one's face;exp;0;;;;;;;;;;;
覚える;おぼえる;to learn, to commit to memory, to remember, to memorize;v1, vt;5;It's easy to learn.;<ruby>覚<rt>おぼ</rt></ruby>えるの、<ruby>簡単<rt>かんたん</rt></ruby>よ。;to memorize, to memorise, to commit to memory, to learn by heart, to bear in mind, to remember;v1, vt;to learn, to pick up, to acquire;v1, vt;to feel;v1, vt;コツを覚える;体で覚える;空で覚える
コツを覚える;コツをおぼえる;to learn the ropes;exp, v1;0;;;;;;;;;;;
体で覚える;からだでおぼえる;to master something (through personal experience);exp, v1;0;;;;;;;;;;;
空で覚える;そらでおぼえる;to learn by heart (rote);exp, v1;0;;;;;;;;;;;
おまわりさん;おまわりさん;policeman (friendly term);n;5;Ask the policeman the way.;おまわりさんに<ruby>道<rt>みち</rt></ruby>を<ruby>尋<rt>たず</rt></ruby>ねなさい。;police officer;n;;;;;;;
重い;おもい;heavy, serious;adj-i;5;I feel heavy in the head.;<ruby>頭<rt>あたま</rt></ruby>が<ruby>重<rt>おも</rt></ruby>い。;heavy, weighty;adj-i;heavy (feeling), depressed, gloomy, blue, uneasy;adj-i;slow, sluggish, lumbering, ponderous, clumsy;adj-i;重い腰を上げる;重い罪;重いソフト
重い腰を上げる;おもいこしをあげる;to get off one's backside;exp, v1;0;;;;;;;;;;;
重い罪;おもいつみ;serious crime;exp, n;0;;;;;;;;;;;
重いソフト;おもいソフト;resource-hungry software (CPU, memory, etc.);exp, n;0;;;;;;;;;;;
面白い;おもしろい;interesting, amusing;adj-i;5;Interesting.;<ruby>面白<rt>おもしろ</rt></ruby>い。;interesting, fascinating, intriguing, enthralling;adj-i;amusing, funny, comical;adj-i;enjoyable, fun, entertaining, pleasant, agreeable;adj-i;面白いように;;
面白いように;おもしろいように;with no effort at all;exp;0;;;;;;;;;;;
泳ぐ;およぐ;to swim;v5g, vi;5;He is afraid of swimming.;<ruby>彼<rt>かれ</rt></ruby>は<ruby>泳<rt>およ</rt></ruby>ぐのが<ruby>怖<rt>こわ</rt></ruby>い。;to swim;v5g, vi;to struggle through (a crowd);v5g, vi;to make one's way through the world, to get along (in life);v5g, vi;目が泳ぐ;人波を泳ぐ;
目が泳ぐ;めがおよぐ;to dart around (of one's eyes);exp, v5g;0;;;;;;;;;;;
人波を泳ぐ;ひとなみをおよぐ;to wade through a crowd;exp, v5g;0;;;;;;;;;;;
降りる;おりる;to get off;v1, vi;5;We'll get off at the last station.;<ruby>終点<rt>しゅうてん</rt></ruby>で<ruby>降<rt>お</rt></ruby>りる。;to descend (e.g. a mountain), to go down, to come down;v1, vi;to alight (e.g. from bus), to get off, to disembark, to dismount;v1, vi;to step down, to retire, to give up, to quit, to fold;v1, vi;飛び降りる;駆け下りる;舞い降りる
飛び降りる;とびおりる;to jump down;v1, vi;0;;;;;;;;;;;
駆け下りる;かけおりる;to run down (stairs, etc.);v1;0;;;;;;;;;;;
舞い降りる;まいおりる;to swoop down;v1, vi;0;;;;;;;;;;;
終る;おわる;to finish, to close;v5r, vi;5;The chairman did not rule out the possibility of a disagreement.;<ruby>議長<rt>ぎちょう</rt></ruby>は<ruby>意見<rt>いけん</rt></ruby>が<ruby>不一致<rt>ふいっち</rt></ruby>に<ruby>終<rt>おわ</rt></ruby>る<ruby>可能性<rt>かのうせい</rt></ruby>を<ruby>排除<rt>はいじょ</rt></ruby>しなかった。;to end, to come to an end, to finish, to close, to be over;v5r, vi;to finish, to complete, to conclude;v5r, vt;to finish doing;suf, v5r;書き終わる;読み終わる;
書き終わる;かきおわる;to finish writing;v5r;0;;;;;;;;;;;
読み終わる;よみおわる;to finish reading;v5r;0;;;;;;;;;;;
音楽;おんがく;Music;n;5;Are you fond of music?;<ruby>音楽<rt>おんがく</rt></ruby>は<ruby>好<rt>す</rt></ruby>き？;music;n;;;;;クラシック音楽;音楽家;音楽の素質
クラシック音楽;クラシックおんがく;classical music;n;0;;;;;;;;;;;
音楽家;おんがくか;musician;n;0;;;;;;;;;;;
音楽の素質;おんがくのそしつ;aptitude for music;n;0;;;;;;;;;;;
女;おんな;woman, female;n, n-pref;5;Do you have a girlfriend?;<ruby>彼女<rt>かのじょ</rt></ruby>いる？;woman, female;n, n-pref;female lover, girlfriend, mistress, (someone's) woman;n;;;女三人寄れば姦しい;女たらし;女日照り
女三人寄れば姦しい;おんなさんにんよればかしましい;three women make a market;exp, adj-i;0;;;;;;;;;;;
女たらし;おんなたらし;womanizer;n;0;;;;;;;;;;;
女日照り;おんなひでり;scarcity of eligible women;n;0;;;;;;;;;;;
女の子;おんなのこ;girl;exp, n;5;Who is this girl?;この<ruby>女の子<rt>おんなのこ</rt></ruby>は<ruby>誰<rt>だれ</rt></ruby>？;girl, daughter, baby girl;exp, n;young woman;exp, n;;;婢;女の子の日;
婢;ひ;female slave;n;0;;;;;;;;;;;
女の子の日;おんなのこのひ;Girls' Day;exp, n;0;;;;;;;;;;;
～回;～かい;counter for occurrences (~ times);ctr;5;About face!;<ruby>回<rt>まわ</rt></ruby>れ<ruby>右<rt>みぎ</rt></ruby>！;counter for occurrences;ctr;a time, an instance;n;inning (baseball), round, game;n;回転寿司;ツケが回ってくる;回り道
回転寿司;かいてんずし;conveyor belt sushi;n;0;;;;;;;;;;;
ツケが回ってくる;つけがまわってくる;you'll have to pay for it;exp, vk;0;;;;;;;;;;;
回り道;まわりみち;detour;n, vs;0;;;;;;;;;;;
～階;～かい;counter for stories (floors) of a building;n, n-suf;5;What floor?;<ruby>何階<rt>なんかい</rt></ruby>なの？;storey, story, floor;n, n-suf;stairs;n;stage (in chronostratigraphy);n, n-suf;階段を上る;階段箪笥;階段を下りる
階段を上る;かいだんをのぼる;to go up the stairs;exp, v5r;0;;;;;;;;;;;
階段箪笥;かいだんたんす;chest of drawers that also function as stairs;n;0;;;;;;;;;;;
階段を下りる;かいだんをおりる;to go down the stairs;exp, v1;0;;;;;;;;;;;
外国;がいこく;foreign country, abroad;n, adj-no;5;;;foreign country;n, adj-no;;;;;外国人持ち株比率;外国にルーツを持つ;お雇い外国人
外国人持ち株比率;がいこくじんもちかぶひりつ;foreign stock ownership ratio;n;0;;;;;;;;;;;
外国にルーツを持つ;がいこくにルーツをもつ;to have foreign roots (through citizenship, ancestry, etc.);exp, v5t;0;;;;;;;;;;;
お雇い外国人;おやといがいこくじん;hired foreigner;n;0;;;;;;;;;;;
外国人;がいこくじん;foreigner;n;5;;;foreigner, foreign citizen, foreign national, alien, non-Japanese;n;;;;;外国人持ち株比率;お雇い外国人;外国人登録
外国人持ち株比率;がいこくじんもちかぶひりつ;foreign stock ownership ratio;n;0;;;;;;;;;;;
お雇い外国人;おやといがいこくじん;hired foreigner;n;0;;;;;;;;;;;
外国人登録;がいこくじんとうろく;alien registration;n;0;;;;;;;;;;;
会社;かいしゃ;company, corporation;n;5;Are you still at the office?;まだ<ruby>会社<rt>かいしゃ</rt></ruby>なの？;company, corporation, firm;n;one's workplace;n;;;会社を辞める;会社ゴロ;人材派遣会社
会社を辞める;かいしゃをやめる;to leave the company;exp, v1;0;;;;;;;;;;;
会社ゴロ;かいしゃゴロ;extortionist that blackmail corporations;n;0;;;;;;;;;;;
人材派遣会社;じんざいはけんかいしゃ;temporary employment agency;n;0;;;;;;;;;;;
階段;かいだん;stairs;n;5;There are stairs.;<ruby>階段<rt>かいだん</rt></ruby>がある。;stairs, stairway, staircase;n;;;;;階段を上る;階段箪笥;階段を下りる
階段を上る;かいだんをのぼる;to go up the stairs;exp, v5r;0;;;;;;;;;;;
階段箪笥;かいだんたんす;chest of drawers that also function as stairs;n;0;;;;;;;;;;;
階段を下りる;かいだんをおりる;to go down the stairs;exp, v1;0;;;;;;;;;;;
買い物;かいもの;shopping;n, vs, vi;5;I love shopping!;<ruby>買い物<rt>かいもの</rt></ruby><ruby>大好<rt>だいす</rt></ruby>き！;shopping, purchased goods;n, vs, vi;;;;;買い物かご;買い物帰り;買物袋
買い物かご;かいものかご;shopping basket;n;0;;;;;;;;;;;
買い物帰り;かいものがえり;on the way home from shopping;n;0;;;;;;;;;;;
買物袋;かいものぶくろ;shopping bag;n;0;;;;;;;;;;;
買う;かう;to buy;v5u, vt;5;I'll buy it.;それ<ruby>買<rt>か</rt></ruby>うよ。;to buy, to purchase;v5u, vt;to value (highly), to think highly of, to have a high opinion of, to appreciate, to recognize;v5u, vt;to incur (someone's anger, displeasure, etc.), to elicit (e.g. sneers), to invite (e.g. scorn), to evoke, to arouse, to win (someone's favour);v5u, vt;歓心を買う;恨みを買う;顰蹙を買う
歓心を買う;かんしんをかう;to win favour;exp, v5u;0;;;;;;;;;;;
恨みを買う;うらみをかう;to incur someone's enmity;exp, v5u;0;;;;;;;;;;;
顰蹙を買う;ひんしゅくをかう;to be frowned on;exp, v5u;0;;;;;;;;;;;
返す;かえす;to return something;v5s, vt;5;Don't bite the hand that feeds you.;<ruby>恩<rt>おん</rt></ruby>を<ruby>仇<rt>あだ</rt></ruby>で<ruby>返<rt>かえ</rt></ruby>すな。;to return (something), to restore, to put back;v5s, vt;to turn over, to turn upside down, to overturn;v5s, vt;to pay back, to retaliate, to reciprocate;v5s, vt;ひっくり返す;打ち返す;手のひらを返す
ひっくり返す;ひっくりかえす;to turn over;v5s, vt;0;;;;;;;;;;;
打ち返す;うちかえす;to return a punch;v5s, vt;0;;;;;;;;;;;
手のひらを返す;てのひらをかえす;to flip-flop;exp, v5s;0;;;;;;;;;;;
帰る;かえる;to go back, to go home, to return;v5r, vi;5;Are you going home?;<ruby>家<rt>いえ</rt></ruby>に<ruby>帰<rt>かえ</rt></ruby>るの？;to return, to come home, to go home, to go back;v5r, vi;to leave (of a guest, customer, etc.);v5r, vi;to get home, to get to home plate;v5r, vi;立ち返る;持ち帰る;連れ帰る
立ち返る;たちかえる;to come back (to);v5r, vi;0;;;;;;;;;;;
持ち帰る;もちかえる;to take home;v5r, vt;0;;;;;;;;;;;
連れ帰る;つれかえる;to bring (someone) back home;v5r;0;;;;;;;;;;;
顔;かお;face (body part);n;5;Try to smile.;<ruby>笑顔<rt>えがお</rt></ruby>！<ruby>笑顔<rt>えがお</rt></ruby>！;face, visage;n;look, expression, countenance;n;honor, honour, face;n;顔を突き合わせる;顔かたち;顔つき
顔を突き合わせる;かおをつきあわせる;to come face to face (with);exp, v1;0;;;;;;;;;;;
顔かたち;かおかたち;features;n;0;;;;;;;;;;;
顔つき;かおつき;(outward) looks;n;0;;;;;;;;;;;
かかる;かかる;it takes (amount of time, money) (v.i.);v5r, vi;5;I'm worried about my weight.;<ruby>体重<rt>たいじゅう</rt></ruby>が<ruby>気<rt>き</rt></ruby>にかかる。;to take (a resource, e.g. time or money);v5r, vi;to hang;v5r;to come into view, to arrive;v5r;寄りかかる;飛びかかる;お目にかかる
寄りかかる;よりかかる;to lean against;v5r, vi;0;;;;;;;;;;;
飛びかかる;とびかかる;to spring at;v5r, vi;0;;;;;;;;;;;
お目にかかる;おめにかかる;to meet (someone of higher status);exp, v5r;0;;;;;;;;;;;
鍵;かぎ;a lock, a key;n;5;Do you have the keys?;<ruby>鍵<rt>かぎ</rt></ruby>ある？;key;n;lock;n;key (to a problem, success, etc.), clue;n;鍵がかかる;鍵をかける;鍵穴
鍵がかかる;かぎがかかる;to become locked;exp, v5r;0;;;;;;;;;;;
鍵をかける;かぎをかける;to lock (a door, etc.);exp, v1;0;;;;;;;;;;;
鍵穴;かぎあな;keyhole;n;0;;;;;;;;;;;
書く;かく;to write;v5k, vt;5;There is no paper to write on.;<ruby>書<rt>か</rt></ruby>く<ruby>紙<rt>かみ</rt></ruby>がない。;to write, to compose, to pen;v5k, vt;to draw, to paint;v5k, vt;;;文はやりたし書く手は持たぬ;絵を描く;活字体で書く
文はやりたし書く手は持たぬ;ふみはやりたしかくてはもたぬ;I want to send a (love) letter but I cannot write;exp;0;;;;;;;;;;;
絵を描く;えをかく;to paint a picture;exp, v5k;0;;;;;;;;;;;
活字体で書く;かつじたいでかく;to print (on a press);exp, v5k;0;;;;;;;;;;;
学生;がくせい;student;n;5;Are you a student?;<ruby>君<rt>くん</rt></ruby>は<ruby>学生<rt>がくせい</rt></ruby>？;student (esp. a university student);n;;;;;学生割引;学生時代;学生証
学生割引;がくせいわりびき;student discount;n;0;;;;;;;;;;;
学生時代;がくせいじだい;student days;n;0;;;;;;;;;;;
学生証;がくせいしょう;student card;n;0;;;;;;;;;;;
～か月;～かげつ;(number of) months;ctr;5;I am four months pregnant.;<ruby>妊娠<rt>にんしん</rt></ruby>４か<ruby>月<rt>がつ</rt></ruby>です。;counter for months;ctr;;;;;一ヶ月;数ヶ月;何ヶ月
一ヶ月;いっかげつ;one month;n;0;;;;;;;;;;;
数ヶ月;すうかげつ;several months;n;0;;;;;;;;;;;
何ヶ月;なんかげつ;how many months;n;0;;;;;;;;;;;
掛ける;かける;to put on (e.g., glasses), to hang (e.g., on a wall);v1, vt;5;Are you going out today?;<ruby>今日<rt>こんにち</rt></ruby>は<ruby>出掛<rt>でか</rt></ruby>けるの？;to hang up (e.g. a coat, a picture on the wall), to let hang, to suspend (from), to hoist (e.g. sail), to raise (e.g. flag);v1, vt;to put on (e.g. a blanket), to put on top of, to cover, to lay, to spread;v1, vt;to put on (glasses, etc.), to wear (a necklace, etc.);v1, vt;鍵をかける;篩に掛ける;眼鏡をかける
鍵をかける;かぎをかける;to lock (a door, etc.);exp, v1;0;;;;;;;;;;;
篩に掛ける;ふるいにかける;to sieve;exp, v1;0;;;;;;;;;;;
眼鏡をかける;メガネをかける;to wear glasses;exp, v1;0;;;;;;;;;;;
かける;かける;to dial/call (e.g., phone), to sit down;v1, vt;5;;;to hang up (e.g. a coat, a picture on the wall), to let hang, to suspend (from), to hoist (e.g. sail), to raise (e.g. flag);v1, vt;to put on (e.g. a blanket), to put on top of, to cover, to lay, to spread;v1, vt;to put on (glasses, etc.), to wear (a necklace, etc.);v1, vt;腕によりをかける;篩に掛ける;秤にかける
腕によりをかける;うでによりをかける;to put all one's skill (into doing something);exp, v1;0;;;;;;;;;;;
篩に掛ける;ふるいにかける;to sieve;exp, v1;0;;;;;;;;;;;
秤にかける;はかりにかける;to weigh on a scale;exp, v1;0;;;;;;;;;;;
傘;かさ;umbrella, parasol;n;5;Do you want an umbrella?;<ruby>傘<rt>かさ</rt></ruby>さす？;umbrella, parasol;n;something shaped like an umbrella or a conical hat, shade (of a lamp), mushroom cap, pileus;n;;;傘張り;相合傘;折りたたみ傘
傘張り;かさはり;making paper umbrellas;n;0;;;;;;;;;;;
相合傘;あいあいがさ;sharing an umbrella;n;0;;;;;;;;;;;
折りたたみ傘;おりたたみがさ;folding umbrella;n;0;;;;;;;;;;;
貸す;かす;to lend;v5s, vt;5;I lend money.;<ruby>金<rt>きん</rt></ruby>を<ruby>貸<rt>か</rt></ruby>す。;to lend, to loan;v5s, vt;to rent out, to hire out;v5s, vt;to hand (over), to give;v5s, vt;耳を貸す;胸を貸す;顔を貸す
耳を貸す;みみをかす;to lend an ear to;exp, v5s;0;;;;;;;;;;;
胸を貸す;むねをかす;to allow a less skilled person to practice with one (esp. in sumo);exp, v5s;0;;;;;;;;;;;
顔を貸す;かおをかす;to grant a person a moment;exp, v5s;0;;;;;;;;;;;
風;かぜ;wind, breeze;n;5;Do I have a cold?;<ruby>風邪<rt>かぜ</rt></ruby>かな？;wind, breeze, draught, draft;n;manner, behaviour, behavior;n, n-pref;cold, influenza;n;風前の灯;風当たり;風変わり
風前の灯;ふうぜんのともしび;precarious situation;exp, n;0;;;;;;;;;;;
風当たり;かぜあたり;exposure to wind;n;0;;;;;;;;;;;
風変わり;ふうがわり;strange;adj-na, n;0;;;;;;;;;;;
風邪;かぜ;cold, flu;n;5;Do I have a cold?;<ruby>風邪<rt>かぜ</rt></ruby>かな？;(common) cold, influenza, flu, ague, inflammatory respiratory system illness (in general);n;;;;;風邪をひく;風邪気味;風邪をうつす
風邪をひく;かぜをひく;to catch a cold;exp, v5k;0;;;;;;;;;;;
風邪気味;かぜぎみ;slight cold;n;0;;;;;;;;;;;
風邪をうつす;かぜをうつす;to give a cold (to someone);exp, v5s;0;;;;;;;;;;;
方;かた;-- honorific form for 人 (ひと) --, way of doing;n;5;The end justifies the means.;<ruby>嘘<rt>うそ</rt></ruby>も<ruby>方便<rt>ほうべん</rt></ruby>。;direction, way;n;person, lady, gentleman;n;method of, manner of, way of;n, n-suf;方々;方がいい;方がマシ
方々;かたがた;people;n;0;;;;;;;;;;;
方がいい;ほうがいい;had better ...;exp, adj-ix;0;;;;;;;;;;;
方がマシ;ほうがマシ;I would rather;exp;0;;;;;;;;;;;
家族;かぞく;family, members of a family;n;5;Do you have a big family?;<ruby>大家族<rt>だいかぞく</rt></ruby>なの？;family;n;;;;;家族団らん;家族合わせ;家族連れ
家族団らん;かぞくだんらん;happy family circle;n, vs;0;;;;;;;;;;;
家族合わせ;かぞくあわせ;Happy Families;n;0;;;;;;;;;;;
家族連れ;かぞくづれ;taking the family along;n;0;;;;;;;;;;;
片仮名;かたかな;katakana;n;5;I can write hiragana, but I can't yet write katakana.;<ruby>平仮名<rt>ひらがな</rt></ruby>は<ruby>書<rt>か</rt></ruby>けるんだけど、<ruby>片仮名<rt>かたかな</rt></ruby>はまだ<ruby>書<rt>か</rt></ruby>けないんだ。;katakana, angular Japanese syllabary used primarily for loanwords;n;;;;;カタカナ語;;
カタカナ語;かたかなご;katakana word;n;0;;;;;;;;;;;
～月;～がつ;month of year;n;5;Look at the moon.;<ruby>月見<rt>つきみ</rt></ruby>て！;Moon;n;month;n;moonlight;n;月読;一ヶ月;月初め
月読;つくよみ;moon;n;0;;;;;;;;;;;
一ヶ月;いっかげつ;one month;n;0;;;;;;;;;;;
月初め;つきはじめ;beginning of the month;n;0;;;;;;;;;;;
学校;がっこう;a school;n;5;I'm at school.;<ruby>学校<rt>がっこう</rt></ruby>だよ。;school;n;;;;;聾唖学校;お嬢様学校;学校法人
聾唖学校;ろうあがっこう;school for people unable to hear and speak;n;0;;;;;;;;;;;
お嬢様学校;おじょうさまがっこう;school for girls from wealthy and famous families;n;0;;;;;;;;;;;
学校法人;がっこうほうじん;(legally) incorporated educational institution;n;0;;;;;;;;;;;
カップ;カップ;cup;n;5;The cup broke.;<ruby>カップ<rt>かっぷ</rt></ruby>が<ruby>割<rt>わ</rt></ruby>れた。;cup (drinking vessel, measure, brassiere, prize, etc.);n;;;;;カップ焼きそば;３／４カップブラ;カップリングシュガー
カップ焼きそば;カップやきそば;instant yakisoba in a cup;n;0;;;;;;;;;;;
３／４カップブラ;よんぶんのさんカップブラ;3/4 cup bra;n;0;;;;;;;;;;;
カップリングシュガー;カップリングシュガー;coupling sugar;n;0;;;;;;;;;;;
家庭;かてい;home, family;n;5;I have peace at home.;<ruby>家庭<rt>かてい</rt></ruby>は<ruby>円満<rt>えんまん</rt></ruby>だ。;home, household, family, hearth;n;;;;;家庭ごみ;こども家庭庁;家庭科
家庭ごみ;かていごみ;household garbage;n;0;;;;;;;;;;;
こども家庭庁;こどもかていちょう;Children and Families Agency;n;0;;;;;;;;;;;
家庭科;かていか;home economics;n;0;;;;;;;;;;;
角;かど;corner (e.g., desk, pavement);n;5;Put it in the corner.;<ruby>角<rt>かく</rt></ruby>に<ruby>置<rt>お</rt></ruby>いといて。;corner, edge;n;(street) corner, turning;n;rough edges (of one's character, words, etc.), abrasiveness, harshness, sharpness;n;角括弧;角錐;頭角を現す
角括弧;かくかっこ;square brackets;n;0;;;;;;;;;;;
角錐;かくすい;pyramid;n;0;;;;;;;;;;;
頭角を現す;とうかくをあらわす;to distinguish oneself;exp, v5s;0;;;;;;;;;;;
かばん;かばん;bag, basket;n;5;What a heavy bag!;かばん、<ruby>重<rt>おも</rt></ruby>たっ！;bag, satchel, briefcase, basket;n;;;;;かばん持ち;かばん語;肩掛けカバン
かばん持ち;かばんもち;private secretary;n;0;;;;;;;;;;;
かばん語;かばんご;portmanteau word;n;0;;;;;;;;;;;
肩掛けカバン;かたかけカバン;shoulder bag;n;0;;;;;;;;;;;
花瓶;かびん;(flower) vase;n;5;Who broke the vase?;<ruby>花瓶<rt>かびん</rt></ruby><ruby>割<rt>さ</rt></ruby>ったの<ruby>誰<rt>だれ</rt></ruby>？;(flower) vase;n;;;;;;;
かぶる;かぶる;to wear, to put on (e.g., a hat on the head);v5r, vt;5;Does Tom like to wear hats?;<ruby>トム<rt>とむ</rt></ruby>って<ruby>帽子<rt>ぼうし</rt></ruby>をかぶるの<ruby>好<rt>す</rt></ruby>きかな？;to put on (one's head), to wear, to have on, to pull over (one's head), to crown (oneself);v5r, vt;to be covered with (dust, snow, etc.), to pour (water, etc.) on oneself, to dash on oneself, to ship water;v5r, vt;to bear (e.g. someone's debts, faults, etc.), to take (blame), to assume (responsibility), to shoulder (burden);v5r, vt;泥をかぶる;買いかぶる;引っ被る
泥をかぶる;どろをかぶる;to take the blame;exp, v5r;0;;;;;;;;;;;
買いかぶる;かいかぶる;to overestimate (someone);v5r, vt;0;;;;;;;;;;;
引っ被る;ひっかぶる;to take upon oneself;v5r, vt;0;;;;;;;;;;;
紙;かみ;paper;n;5;Here's a letter for you.;はい、<ruby>手紙<rt>てがみ</rt></ruby>。;paper;n;;;;;紙縒り;紙巻たばこ;紙屑籠
紙縒り;こより;string made from twisted paper;n;0;;;;;;;;;;;
紙巻たばこ;かみまきタバコ;cigarette;n;0;;;;;;;;;;;
紙屑籠;かみくずかご;wastepaper basket;n;0;;;;;;;;;;;
カメラ;カメラ;camera;n;5;My camera is broken.;<ruby>カメラ<rt>かめら</rt></ruby>がめげた。;camera;n;;;;;カメラオブスキュラ;カメラアングル;カメラポジション
カメラオブスキュラ;カメラオブスキュラ;camera obscura;n;0;;;;;;;;;;;
カメラアングル;カメラアングル;camera angle;n;0;;;;;;;;;;;
カメラポジション;カメラポジション;camera position;n;0;;;;;;;;;;;
火曜日;かようび;Tuesday;n, adv;5;Today is Tuesday.;<ruby>今日<rt>こんにち</rt></ruby>は<ruby>火曜日<rt>かようび</rt></ruby>です。;Tuesday;n, adv;;;;;;;
辛い;からい;hot and spicy, salty;adj-i;5;Hay fever is tough.;<ruby>花粉症<rt>かふんしょう</rt></ruby>は<ruby>辛<rt>つら</rt></ruby>い。;spicy, hot;adj-i;salty;adj-i;harsh (criticism), severe (punishment), strict;adj-i;辛い目に会う;世知辛い;え辛い
辛い目に会う;つらいめにあう;to have a hard time of it;exp, v5u;0;;;;;;;;;;;
世知辛い;せちがらい;tough (world);adj-i;0;;;;;;;;;;;
え辛い;えがらい;acrid;adj-i;0;;;;;;;;;;;
体;からだ;body, health;n;5;Have you lost weight?;<ruby>体重<rt>たいじゅう</rt></ruby><ruby>減<rt>へ</rt></ruby>った？;body;n;torso, trunk;n;build, physique, frame, figure;n;体がいくつあっても足りない;体作り;体当たり
体がいくつあっても足りない;からだがいくつあってもたりない;being stretched too thin;exp;0;;;;;;;;;;;
体作り;からだづくり;building up one's body;n;0;;;;;;;;;;;
体当たり;たいあたり;ramming attack;n, vs, vi;0;;;;;;;;;;;
借りる;かりる;to borrow, to owe;v1, vt;5;I need to borrow three hundred dollars.;３００<ruby>ドル<rt>どる</rt></ruby><ruby>借<rt>か</rt></ruby>りる<ruby>必要<rt>ひつよう</rt></ruby>があるんだ。;to borrow;v1, vt;to rent, to hire;v1, vt;to make use of (another's help, wisdom, etc.), to obtain, to receive;v1, vt;借りる時の地蔵顔、済す時の閻魔顔;胸を借りる;手を借りる
借りる時の地蔵顔、済す時の閻魔顔;かりるときのじぞうがお、なすときのえんまがお;people look friendly when they ask for a loan but not so much when they repay it;exp;0;;;;;;;;;;;
胸を借りる;むねをかりる;to be allowed to practice with a partner of higher skill (esp. in sumo);exp, v1;0;;;;;;;;;;;
手を借りる;てをかりる;to get (someone's) help;exp, v1;0;;;;;;;;;;;
～がる;～がる;feel;suf, v5r;5;Why are you pretending to be tough?;<ruby>何<rt>なん</rt></ruby>で<ruby>強<rt>つよ</rt></ruby>がるの？;to show signs of being, to feel, to think;suf, v5r;to behave as if one were, to pretend, to act as if;suf, v5r;;;湧き上がる;吹き上がる;飛び上がる
湧き上がる;わきあがる;to boil up;v5r, vi;0;;;;;;;;;;;
吹き上がる;ふきあがる;to be blown up (into the air);v5r, vi;0;;;;;;;;;;;
飛び上がる;とびあがる;to jump up;v5r, vi;0;;;;;;;;;;;
軽い;かるい;light, non-serious, minor;adj-i;5;He has a big mouth.;<ruby>彼<rt>かれ</rt></ruby>は<ruby>口<rt>くち</rt></ruby>が<ruby>軽<rt>かる</rt></ruby>い。;light (i.e. not heavy), feeling light (i.e. offering little resistance, moving easily);adj-i;light (i.e. of foot), effortless, nimble, agile;adj-i;non-serious, minor, unimportant, trivial;adj-i;軽い犯罪;軽い気持ち;軽い故障
軽い犯罪;かるいはんざい;minor offense;exp, n;0;;;;;;;;;;;
軽い気持ち;かるいきもち;casual;exp;0;;;;;;;;;;;
軽い故障;かるいこしょう;soft failure;n;0;;;;;;;;;;;
カレー;カレー;curry (abbr. for curry and rice);n;5;Today it will also be Japanese curry.;<ruby>今日<rt>きょう</rt></ruby>も<ruby>カレー<rt>かれー</rt></ruby>よ。;curry (esp. Japanese curry);n;rice and curry;n;;;カレールー;カレーライス;カレーコーナー
カレールー;カレールー;curry roux;n;0;;;;;;;;;;;
カレーライス;カレーライス;curry and rice;n;0;;;;;;;;;;;
カレーコーナー;カレーコーナー;curry corner;n;0;;;;;;;;;;;
カレンダー;カレンダー;calendar;n;5;Do you have a calendar?;<ruby>カレンダー<rt>かれんだー</rt></ruby>はある？;calendar;n;calender (machine for flattening things);n;;;カレンダープログラム;日めくりカレンダー;アドベントカレンダー
カレンダープログラム;カレンダープログラム;calendar program;n;0;;;;;;;;;;;
日めくりカレンダー;ひめくりカレンダー;daily rip-off-a-page calendar;n;0;;;;;;;;;;;
アドベントカレンダー;アドベントカレンダー;Advent calendar;n;0;;;;;;;;;;;
川, 河;かわ;river;n;5;London, the capital of England, is on the Thames.;<ruby>英国<rt>えいこく</rt></ruby>の<ruby>首都<rt>しゅと</rt></ruby><ruby>ロンドン<rt>ろんどん</rt></ruby>は<ruby>テムズ<rt>てむず</rt></ruby><ruby>川<rt>かわ</rt></ruby>の<ruby>河畔<rt>かはん</rt></ruby>にある。;river, stream;n;River, the ... river;suf;;;川面;川明かり;川エビ
川面;かわも;river surface;n;0;;;;;;;;;;;
川明かり;かわあかり;glow of a river in the darkness;n;0;;;;;;;;;;;
川エビ;かわえび;freshwater shrimp;n;0;;;;;;;;;;;
～側;～がわ;~ side;n, suf;5;The station is on the right.;<ruby>駅<rt>えき</rt></ruby>は<ruby>右側<rt>みぎがわ</rt></ruby>です。;side (of something, or taking someone's side), part;n, suf;(watch) case;n, suf;;;側坐核;側湾症;側女
側坐核;そくざかく;nucleus accumbens (part of the forebrain);n;0;;;;;;;;;;;
側湾症;そくわんしょう;scoliosis;n;0;;;;;;;;;;;
側女;そばめ;mistress;n;0;;;;;;;;;;;
可愛い;かわいい;cute, adorable;adj-i;5;That's cute!;<ruby>可愛<rt>かわ</rt></ruby>いな。;cute, adorable, charming, lovely, pretty;adj-i;dear, precious, darling, pet;adj-i;innocent, childlike, childish, lovable;adj-i;可愛い子ちゃん;カッコ可愛い;かわいい子には旅をさせよ
可愛い子ちゃん;かわいいこちゃん;cutie;n;0;;;;;;;;;;;
カッコ可愛い;カッコかわいい;cool and cute;exp, adj-i;0;;;;;;;;;;;
かわいい子には旅をさせよ;かわいいこにはたびをさせよ;spare the rod and spoil the child;exp;0;;;;;;;;;;;
漢字;かんじ;kanji, Chinese character;n;5;How many Kanji did you learn?;<ruby>漢字<rt>かんじ</rt></ruby>、<ruby>何個<rt>なんこ</rt></ruby><ruby>覚<rt>おぼ</rt></ruby>えた？;kanji, Chinese character;n;;;;;漢字仮名交じり文;漢字辞典;漢字文化圏
漢字仮名交じり文;かんじかなまじりぶん;mixed writing (kanji and kana);n;0;;;;;;;;;;;
漢字辞典;かんじじてん;kanji dictionary;n;0;;;;;;;;;;;
漢字文化圏;かんじぶんかけん;Chinese-character cultural sphere;n;0;;;;;;;;;;;
木;き;tree, wood, timber;n;5;Wood floats.;<ruby>木<rt>き</rt></ruby>が<ruby>浮<rt>う</rt></ruby>く。;tree, shrub, bush;n;wood, timber;n;wooden clappers (signalling the beginning or end of a performance);n;木っ端;木漏れ日;木食い虫
木っ端;こっぱ;wood chip;n;0;;;;;;;;;;;
木漏れ日;こもれび;sunlight filtering through trees;n;0;;;;;;;;;;;
木食い虫;きくいむし;bark beetle (Scolytidae spp.);n;0;;;;;;;;;;;
黄色;きいろ;yellow;n, adj-no, adj-na;5;It's yellow.;<ruby>黄色<rt>きいろ</rt></ruby>です。;yellow, amber;n, adj-no, adj-na;;;;;黄色猩猩蠅;黄色みがかった;萌黄色
黄色猩猩蠅;きいろしょうじょうばえ;Drosophila melanogaster (species of fruit fly);n;0;;;;;;;;;;;
黄色みがかった;きいろみがかった;yellowish;adj-f;0;;;;;;;;;;;
萌黄色;もえぎいろ;light green;n;0;;;;;;;;;;;
黄色い;きいろい;yellow;adj-i;5;Flowers are yellow.;<ruby>花<rt>はな</rt></ruby>は<ruby>黄色<rt>きいろ</rt></ruby>い。;yellow;adj-i;high-pitched (voice), shrill;adj-i;;;黄色い声;黄色い血;くちばしが黄色い
黄色い声;きいろいこえ;shrill voice (esp. of women and children);exp, n;0;;;;;;;;;;;
黄色い血;きいろいち;blood low in blood cells (caused by frequent blood donations);exp, n;0;;;;;;;;;;;
くちばしが黄色い;くちばしがきいろい;fledgling;exp, adj-i;0;;;;;;;;;;;
消える;きえる;to vanish, to disappear;v1, vi;5;The snow will soon disappear.;<ruby>雪<rt>ゆき</rt></ruby>はすぐに<ruby>消<rt>き</rt></ruby>えるだろう。;to disappear, to vanish, to go out of sight, to go away, to become lost;v1, vi;to go out (of a fire, light, etc.), to die, to turn off (e.g. of a TV screen);v1, vi;to fade (of a feeling, impression, etc.), to vanish (e.g. of hope);v1, vi;掻き消える;立ち消える;海の藻屑と消える
掻き消える;かききえる;to disappear;v1, vi;0;;;;;;;;;;;
立ち消える;たちぎえる;to go out (of a fire, etc.);v1, vi;0;;;;;;;;;;;
海の藻屑と消える;うみのもくずときえる;to be drowned at sea;exp, v1;0;;;;;;;;;;;
聞く;きく;to hear, to listen, to ask;v5k, vt;5;Why do you ask?;なぜ<ruby>聞<rt>き</rt></ruby>くの？;to hear;v5k, vt;to listen (e.g. to music);v5k, vt;to ask, to enquire, to query;v5k, vt;聞く耳を持たぬ;聞くは一時の恥、聞かぬは末代の恥;聞く耳を持たない
聞く耳を持たぬ;きくみみをもたぬ;to turn a deaf ear to;exp, adj-f;0;;;;;;;;;;;
聞くは一時の恥、聞かぬは末代の恥;きくはいっときのはじ、きかぬはまつだいのはじ;better to ask and be embarrassed than not ask and never know;exp;0;;;;;;;;;;;
聞く耳を持たない;きくみみをもたない;to turn a deaf ear to;exp, adj-i;0;;;;;;;;;;;
北;きた;north;n;5;Which direction is north?;<ruby>北<rt>きた</rt></ruby>って、どっち？;north;n;the North, northern territories;n;North Korea;n;北入ル;北北東;北北西
北入ル;きたいる;above;exp;0;;;;;;;;;;;
北北東;ほくほくとう;north-northeast;n;0;;;;;;;;;;;
北北西;ほくほくせい;north-northwest;n;0;;;;;;;;;;;
ギター;ギター;guitar;n;5;Do you play the guitar?;<ruby>君<rt>くん</rt></ruby>は<ruby>ギター<rt>ぎたー</rt></ruby><ruby>弾<rt>ひ</rt></ruby>く？;guitar;n;;;;;ギターアンプ;ギターシンセ;ギターシンセサイザー
ギターアンプ;ギターアンプ;guitar amplifier;n;0;;;;;;;;;;;
ギターシンセ;ギターシンセ;guitar synthesizer;n;0;;;;;;;;;;;
ギターシンセサイザー;ギターシンセサイザー;guitar synthesizer;n;0;;;;;;;;;;;
汚い;きたない;dirty, unclean, filthy;adj-i;5;Is it dirty?;<ruby>汚<rt>きたな</rt></ruby>いかな？;dirty, filthy, foul, unclean;adj-i;disordered, messy, untidy, poor (e.g. handwriting);adj-i;indecent (language, etc.), dirty, vulgar, coarse;adj-i;汚いやり方;汚い爆弾;汚い手を使う
汚いやり方;きたないやりかた;dirty trick;n;0;;;;;;;;;;;
汚い爆弾;きたないばくだん;dirty bomb;exp, n;0;;;;;;;;;;;
汚い手を使う;きたないてをつかう;to play a dirty trick;exp, v5u;0;;;;;;;;;;;
喫茶店;きっさてん;café;n;5;Do you want to go to a coffee shop?;<ruby>喫茶店<rt>きっさてん</rt></ruby>に<ruby>行<rt>い</rt></ruby>きたい？;coffee shop, tearoom, coffee lounge, coffeehouse, cafe;n;kissaten, traditional type of coffee shop with a retro atmosphere;n;;;;;
切手;きって;postal (postage) stamps;n;5;I will pay for it by check.;<ruby>小切手<rt>こぎって</rt></ruby>で<ruby>支払<rt>しはら</rt></ruby>う。;stamp (postage);n;merchandise certificate;n;;;切手収集;切手集め;切手を溜める
切手収集;きってしゅうしゅう;stamp collecting;n;0;;;;;;;;;;;
切手集め;きってあつめ;stamp collecting;n;0;;;;;;;;;;;
切手を溜める;きってをためる;to collect stamps;exp, v1;0;;;;;;;;;;;
切符;きっぷ;a ticket;n;5;Do you have money for a ticket?;<ruby>切符代<rt>きっぷだい</rt></ruby>、ある？;ticket;n;;;;;切符売り場;切符切り;切符売り
切符売り場;きっぷうりば;ticket window;n;0;;;;;;;;;;;
切符切り;きっぷきり;ticket punch;n;0;;;;;;;;;;;
切符売り;きっぷうり;ticket seller;n;0;;;;;;;;;;;
昨日;きのう;yesterday;n, adv;5;Did you swim yesterday?;<ruby>昨日<rt>きのう</rt></ruby>、<ruby>泳<rt>およ</rt></ruby>いだ？;yesterday;n, adv;;;;;昨日今日;昨日の今日;昨日の友は今日の敵
昨日今日;きのうきょう;yesterday and today;n;0;;;;;;;;;;;
昨日の今日;きのうのきょう;right on the heels of yesterday;exp;0;;;;;;;;;;;
昨日の友は今日の敵;きのうのともはきょうのてき;a friend today may turn against you tomorrow;exp;0;;;;;;;;;;;
九;きゅう;nine;num;5;It's already nine o'clock.;もう<ruby>九時<rt>くじ</rt></ruby>です。;nine, 9;num;;;;;九蓮宝燈;九箇年;九条ネギ
九蓮宝燈;チューレンポートー;nine gates;n;0;;;;;;;;;;;
九箇年;きゅうかねん;novennial;adj-f;0;;;;;;;;;;;
九条ネギ;くじょうねぎ;Kujō spring onion (variety common in the Kansai region);n;0;;;;;;;;;;;
牛肉;ぎゅうにく;beef;n;5;Beef is expensive.;<ruby>牛肉<rt>ぎゅうにく</rt></ruby>は<ruby>高<rt>たか</rt></ruby>い。;beef;n;;;;;牛肉屋;牛肉麺;仔牛肉
牛肉屋;ぎゅうにくや;butcher specializing in beef;n;0;;;;;;;;;;;
牛肉麺;ぎゅうにくめん;beef noodle soup;n;0;;;;;;;;;;;
仔牛肉;こうしにく;veal;n;0;;;;;;;;;;;
牛乳;ぎゅうにゅう;milk;n;5;I drank milk.;<ruby>牛乳<rt>ぎゅうにゅう</rt></ruby>を<ruby>飲<rt>の</rt></ruby>んだ。;(cow's) milk;n;;;;;牛乳屋;牛乳計;乾燥牛乳
牛乳屋;ぎゅうにゅうや;dairy;n;0;;;;;;;;;;;
牛乳計;ぎゅうにゅうけい;milk meter;n;0;;;;;;;;;;;
乾燥牛乳;かんそうぎゅうにゅう;powdered milk;n;0;;;;;;;;;;;
今日;きょう;today, this day;n, adv;5;Hello!;<ruby>今日<rt>こんにち</rt></ruby>は。;today, this day;n, adv;these days, recently, nowadays;n, adv;;;今日この頃;今日は;今日日
今日この頃;きょうこのごろ;these days;exp;0;;;;;;;;;;;
今日は;こんにちは;hello;int;0;;;;;;;;;;;
今日日;きょうび;nowadays;n, adv;0;;;;;;;;;;;
教室;きょうしつ;classroom;n;5;See you in class.;<ruby>教室<rt>きょうしつ</rt></ruby>でね。;classroom, lecture room;n;department (in a university);n;class, lessons, course;n;主教室;青空教室;寿教室
主教室;しゅきょうしつ;home room (in a school);n;0;;;;;;;;;;;
青空教室;あおぞらきょうしつ;open-air classes;n;0;;;;;;;;;;;
寿教室;ことぶききょうしつ;culture courses for the aged;n;0;;;;;;;;;;;
兄弟;きょうだい;siblings (humble), brothers and sisters;n;5;Do you have any sisters?;<ruby>女<rt>おんな</rt></ruby><ruby>兄弟<rt>きょうだい</rt></ruby>はいる？;siblings, brothers and sisters;n;brothers;n;siblings-in-law, brothers-in-law, sisters-in-law;n;兄弟牆に鬩ぐ;兄弟喧嘩;兄弟は他人の始まり
兄弟牆に鬩ぐ;けいていかきにせめぐ;to quarrel among friends (or siblings);exp, v5g;0;;;;;;;;;;;
兄弟喧嘩;きょうだいげんか;quarrel between brothers;n, vs;0;;;;;;;;;;;
兄弟は他人の始まり;きょうだいはたにんのはじまり;even siblings turn into strangers;exp;0;;;;;;;;;;;
去年;きょねん;last year;n, adv;5;I was a freshman last year.;<ruby>去年<rt>きょねん</rt></ruby>の<ruby>新人<rt>しんじん</rt></ruby>です。;last year;n, adv;;;;;去年末;;
去年末;きょねんまつ;end of last year;n;0;;;;;;;;;;;
嫌い;きらい;dislike;adj-na, n;5;No good guy.;<ruby>嫌<rt>いや</rt></ruby>な<ruby>奴<rt>やつ</rt></ruby>。;disliked, hated, disagreeable;adj-na, n;tendency, smack (of), touch (of);n;distinction, discrimination;n;大っ嫌い;好き嫌い;嫌いがある
大っ嫌い;だいっきらい;hating;adj-na;0;;;;;;;;;;;
好き嫌い;すききらい;likes and dislikes;n;0;;;;;;;;;;;
嫌いがある;きらいがある;to have a tendency;exp, v5r-i;0;;;;;;;;;;;
切る;きる;to cut, to hang up (a phone);v5r, vt;5;Should we hang up soon?;そろそろ<ruby>切<rt>き</rt></ruby>るぞ？;to cut, to cut through, to perform (surgery);v5r, vt;to sever (connections, ties);v5r, vt;to turn off (e.g. the light);v5r, vt;断ち切る;締め切る;言い切る
断ち切る;たちきる;to cut (cloth, paper, etc.);v5r, vt;0;;;;;;;;;;;
締め切る;しめきる;to close up;v5r, vt;0;;;;;;;;;;;
言い切る;いいきる;to declare;v5r, vt;0;;;;;;;;;;;
着る;きる;to put on (clothes above your waist), to wear;v1, vt;5;I owe you one.;<ruby>恩<rt>おん</rt></ruby>に<ruby>着<rt>き</rt></ruby>るよ。;to wear (from the shoulders down), to put on;v1, vt;to take (the blame, responsibility), to bear;v1, vt;;;笠に着る;着る物;着る毛布
笠に着る;かさにきる;to wear the mantle of (borrowed) authority and misuse it;exp, v1;0;;;;;;;;;;;
着る物;きるもの;something to wear;exp, n;0;;;;;;;;;;;
着る毛布;きるもうふ;wearable blanket;n;0;;;;;;;;;;;
綺麗;きれい;pretty, clean, tidy;adj-na;5;Beautiful, don't you think?;<ruby>綺麗<rt>きれい</rt></ruby>じゃない？;pretty, lovely, beautiful, fair;adj-na;clean, clear, pure, tidy, neat;adj-na;completely, entirely;adj-na;綺麗事;綺麗どころ;綺麗な薔薇には棘がある
綺麗事;きれいごと;whitewashing;n;0;;;;;;;;;;;
綺麗どころ;きれいどころ;geisha;n;0;;;;;;;;;;;
綺麗な薔薇には棘がある;きれいなばらにはとげがある;there is no rose without a thorn;exp, v5r-i;0;;;;;;;;;;;
キロ, キログラム;キロ, キログラム;(abbr.) kilo (kilogram);pref;5;My weight is 58 kilograms.;<ruby>私<rt>わたし</rt></ruby>の<ruby>体重<rt>たいじゅう</rt></ruby>は５８<ruby>キログラム<rt>きろぐらむ</rt></ruby>です。;kilo-, 1000;pref;kilogram, kilogramme;n;kilometre, kilometer;n;キログラム重;キログラム原器;キログラムカロリー
キログラム重;キログラムじゅう;kilogram-weight;n;0;;;;;;;;;;;
キログラム原器;キログラムげんき;prototype kilogram;n;0;;;;;;;;;;;
キログラムカロリー;キログラムカロリー;kilogram calorie;n;0;;;;;;;;;;;
キロ, キロメートル;キロ, キロメートル;(abbr.) kilo (kilometer);pref;5;A thousand meters is one kilometer.;1,000mは1kmです。;kilo-, 1000;pref;kilogram, kilogramme;n;kilometre, kilometer;n;キログラムカロリー;キロ連量;キログラム重
キログラムカロリー;キログラムカロリー;kilogram calorie;n;0;;;;;;;;;;;
キロ連量;キロれんりょう;weight of 1000 sheets of paper;n;0;;;;;;;;;;;
キログラム重;キログラムじゅう;kilogram-weight;n;0;;;;;;;;;;;
銀行;ぎんこう;bank;n;5;I have to go to the bank.;<ruby>銀行<rt>ぎんこう</rt></ruby>に<ruby>行<rt>い</rt></ruby>かねば。;bank, banking institution;n;;;;;銀行振込;人材銀行;銀行員
銀行振込;ぎんこうふりこみ;bank transfer;n;0;;;;;;;;;;;
人材銀行;じんざいぎんこう;job bank;n;0;;;;;;;;;;;
銀行員;ぎんこういん;bank employee;n;0;;;;;;;;;;;
金曜日;きんようび;Friday;n, adv;5;Thank God it's Friday!;<ruby>花<rt>はな</rt></ruby>の<ruby>金曜日<rt>きんようび</rt></ruby>だ！;Friday;n, adv;;;;;聖金曜日;聖大金曜日;
聖金曜日;せいきんようび;Good Friday;n;0;;;;;;;;;;;
聖大金曜日;せいだいきんようび;Good Friday;n;0;;;;;;;;;;;
九;く;nine;num;5;It's already nine o'clock.;もう<ruby>九時<rt>くじ</rt></ruby>です。;nine, 9;num;;;;;九蓮宝燈;九箇年;九条ネギ
九蓮宝燈;チューレンポートー;nine gates;n;0;;;;;;;;;;;
九箇年;きゅうかねん;novennial;adj-f;0;;;;;;;;;;;
九条ネギ;くじょうねぎ;Kujō spring onion (variety common in the Kansai region);n;0;;;;;;;;;;;
薬;くすり;medicine;n;5;The medicine is bitter.;<ruby>薬<rt>くすり</rt></ruby>は<ruby>苦<rt>にが</rt></ruby>い。;medicine, pharmaceuticals, (legal) drugs, pill, ointment, salve;n;efficacious chemical (gunpowder, pesticide, etc.);n;(pottery) glaze;n;薬用石鹸;馬鹿につける薬はない;薬缶
薬用石鹸;やくようせっけん;medicinal soap;n;0;;;;;;;;;;;
馬鹿につける薬はない;ばかにつけるくすりはない;a born fool is never cured;exp, adj-i;0;;;;;;;;;;;
薬缶;やかん;kettle;n;0;;;;;;;;;;;
下さい;ください;(with te-form verb) please do for me;exp;5;I'd like a book.;<ruby>本<rt>ほん</rt></ruby>を<ruby>下<rt>くだ</rt></ruby>さい。;please (give me);exp;please (do for me);exp;;;ごめん下さい;お掛け下さい;お含みおきください
ごめん下さい;ごめんください;may I come in?;exp;0;;;;;;;;;;;
お掛け下さい;おかけください;please sit down;exp;0;;;;;;;;;;;
お含みおきください;おふくみおきください;please understand (that ...);exp;0;;;;;;;;;;;
果物;くだもの;fruit;n;5;What's your favorite fruit?;<ruby>好<rt>す</rt></ruby>きな<ruby>果物<rt>くだもの</rt></ruby>は？;fruit;n;;;;;果物屋;果物籠;果物時計草
果物屋;くだものや;fruit store;n;0;;;;;;;;;;;
果物籠;くだものかご;fruit basket;n;0;;;;;;;;;;;
果物時計草;クダモノトケイソウ;passion fruit (Passiflora edulis);n;0;;;;;;;;;;;
口;くち;job opening, mouth;n;5;How about a bite?;<ruby>一口<rt>ひとくち</rt></ruby>どう？;mouth;n;opening, hole, gap, orifice;n;mouth (of a bottle), spout, nozzle, mouthpiece;n;口ごもる;口喧嘩;口汚い
口ごもる;くちごもる;to hesitate to say;v5r, vi;0;;;;;;;;;;;
口喧嘩;くちげんか;quarrel;n, vs, vi;0;;;;;;;;;;;
口汚い;くちぎたない;foul-mouthed;adj-i;0;;;;;;;;;;;
靴;くつ;shoes, footwear;n;5;How many shoes are there?;<ruby>靴<rt>くつ</rt></ruby>は<ruby>幾<rt>いく</rt></ruby>つある？;shoe, shoes, boots, footwear, footgear;n;;;;;靴べら;靴磨き;靴下止め
靴べら;くつべら;shoehorn;n;0;;;;;;;;;;;
靴磨き;くつみがき;shoeshine;n;0;;;;;;;;;;;
靴下止め;くつしたどめ;garters;n;0;;;;;;;;;;;
靴下;くつした;socks;n;5;I have to take off my socks.;<ruby>靴下<rt>くつした</rt></ruby><ruby>脱<rt>ぬ</rt></ruby>がなきゃ。;socks, sock, stockings, stocking;n;;;;;靴下止め;靴下人形;五本指靴下
靴下止め;くつしたどめ;garters;n;0;;;;;;;;;;;
靴下人形;くつしたにんぎょう;sock puppet (hand puppet made from a stocking or sock);n;0;;;;;;;;;;;
五本指靴下;ごほんゆびくつした;five-toed socks;n;0;;;;;;;;;;;
国;くに;country, place of origin;n;5;It's a very mountainous country.;<ruby>山国<rt>やまぐに</rt></ruby>です。;country, state;n;region;n;national government, central government;n;二ヶ国語;国分タバコ;国破れて山河あり
二ヶ国語;にかこくご;bilingual;adj-no;0;;;;;;;;;;;
国分タバコ;こくぶタバコ;high-quality tobacco produced in Kokubu (Kagoshima prefecture);n;0;;;;;;;;;;;
国破れて山河あり;くにやぶれてさんがあり;the land outlasts the king;exp;0;;;;;;;;;;;
曇り;くもり;cloudiness, cloudy weather;n;5;It's a cloudy day.;<ruby>曇<rt>くも</rt></ruby>りの<ruby>日<rt>にち</rt></ruby>です。;cloudiness, cloudy weather;n;fog (on a mirror, glasses, etc.), cloud (e.g. in marble), blur, mist, shadow, dimness;n;gloom, dejection;n;曇りがち;曇りガラス;曇り声
曇りがち;くもりがち;mainly cloudy;adj-na, adj-no, n;0;;;;;;;;;;;
曇りガラス;くもりガラス;frosted glass;n;0;;;;;;;;;;;
曇り声;くもりごえ;depressed voice;n;0;;;;;;;;;;;
曇る;くもる;to become cloudy, to become dim;v5r, vi;5;When I wear a mask, my glasses get steamed up.;<ruby>マスク<rt>ますく</rt></ruby>をつけると<ruby>眼鏡<rt>めがね</rt></ruby>が<ruby>曇<rt>くも</rt></ruby>る。;to get cloudy, to cloud over, to become overcast;v5r, vi;to cloud up, to fog up, to mist up, to become dim;v5r, vi;to be gloomy, to be clouded (expression), to be downcast;v5r, vi;かき曇る;;
かき曇る;かきくもる;to become overcast;v5r, vi;0;;;;;;;;;;;
暗い;くらい;dark, gloomy;adj-i;5;It is dark outside.;<ruby>外<rt>そと</rt></ruby>は<ruby>暗<rt>くら</rt></ruby>い。;dark, gloomy, murky;adj-i;depressed, dispirited, down in the dumps, dark (mood);adj-i;dark (in colour), dull;adj-i;暗い気持ちになる;ほの暗い;昼なお暗い
暗い気持ちになる;くらいきもちになる;to feel gloomy;exp, v5r;0;;;;;;;;;;;
ほの暗い;ほのぐらい;dim;adj-i;0;;;;;;;;;;;
昼なお暗い;ひるなおくらい;dark even in the daytime;exp, adj-i;0;;;;;;;;;;;
～くらい, ぐらい;～くらい, ぐらい;approximate (quantity);adj-i;5;You may as well start at once as stay here.;あなたはここにいるくらいならすぐに<ruby>出発<rt>しゅっぱつ</rt></ruby>した<ruby>方<rt>ほう</rt></ruby>がいいですよ。;dark, gloomy, murky;adj-i;depressed, dispirited, down in the dumps, dark (mood);adj-i;dark (in colour), dull;adj-i;どれ位;中くらい;申し訳ないくらい
どれ位;どれくらい;how long;exp, n, adv;0;;;;;;;;;;;
中くらい;ちゅうくらい;(about) medium;adj-no, adj-na, n;0;;;;;;;;;;;
申し訳ないくらい;もうしわけないくらい;to the extent it makes one feel apologetic;exp, adv, adj-no;0;;;;;;;;;;;
クラス;クラス;a class;n;5;Which class are you in?;どこの<ruby>クラス<rt>くらす</rt></ruby>なの？;class;n;;;;;クラスメイト;クラスター分析;クラスカルワリス検定
クラスメイト;クラスメイト;classmate;n;0;;;;;;;;;;;
クラスター分析;クラスターぶんせき;cluster analysis;n;0;;;;;;;;;;;
クラスカルワリス検定;クラスカルワリスけんてい;Kruskal-Wallis test;n;0;;;;;;;;;;;
グラム;グラム;gram;n;5;How much for half a kilo?;500<ruby>グラム<rt>ぐらむ</rt></ruby>でおいくら？;gram, gramme;n;;;;;グラムイオン;グラムメタル;グラム当量
グラムイオン;グラムイオン;gram ion;n;0;;;;;;;;;;;
グラムメタル;グラムメタル;glam metal (heavy-metal sub-genre);n;0;;;;;;;;;;;
グラム当量;グラムとうりょう;gram equivalent;n;0;;;;;;;;;;;
来る;くる;to come;vk, vi;5;The king is coming.;<ruby>王<rt>おう</rt></ruby>が<ruby>来<rt>く</rt></ruby>る。;to come (spatially or temporally), to approach, to arrive;vk, vi;to come back, to do ... and come back;vk, vi, aux-v;to come to be, to become, to get, to grow, to continue;vk, vi, aux-v;鴨が葱を背負って来る;ツケが回ってくる;よって来たる
鴨が葱を背負って来る;かもがねぎをしょってくる;along comes a sucker just begging to be parted from his money;exp, vk;0;;;;;;;;;;;
ツケが回ってくる;つけがまわってくる;you'll have to pay for it;exp, vk;0;;;;;;;;;;;
よって来たる;よってきたる;originating;exp, adj-f;0;;;;;;;;;;;
車;くるま;car, vehicle;n;5;No parking!;<ruby>駐車禁止<rt>ちゅうしゃきんし</rt></ruby>！;car, automobile, vehicle;n;wheel, castor, caster;n;;;車海老;車両;車麩
車海老;くるまえび;kuruma prawn (Marsupenaeus japonicus);n;0;;;;;;;;;;;
車両;しゃりょう;(wheeled) vehicle;n;0;;;;;;;;;;;
車麩;くるまぶ;yaki-fu (baked wheat gluten) cut in ring-shaped slices (Niigata specialty);n;0;;;;;;;;;;;
黒;くろ;black;n, adj-no;5;Do you like black cats?;<ruby>黒猫<rt>くろねこ</rt></ruby>は<ruby>好<rt>す</rt></ruby>き？;black;n, adj-no;black stone;n;guilt, guilty person;n;黒ずくめ;黒太刀魳;黒んぼ
黒ずくめ;くろずくめ;completely black;n;0;;;;;;;;;;;
黒太刀魳;くろたちかます;snake mackerel (Gempylus serpens);n;0;;;;;;;;;;;
黒んぼ;くろんぼ;black person;n;0;;;;;;;;;;;
黒い;くろい;black, dark;adj-i;5;Which dog is black?;どの<ruby>犬<rt>いぬ</rt></ruby>が<ruby>黒<rt>くろ</rt></ruby>い？;black;adj-i;dark, blackish, sun-tanned (skin);adj-i;suspicious, criminal, illicit;adj-i;黒い九月;頭の黒いネズミ;黒い霧
黒い九月;くろいくがつ;Black September (Palestinian extremist group responsible for the massacre of Israeli athletes at the Munich Olympics);n;0;;;;;;;;;;;
頭の黒いネズミ;あたまのくろいネズミ;person who steals money from the workplace;exp, n;0;;;;;;;;;;;
黒い霧;くろいきり;thick fog (of suspicion);exp, n;0;;;;;;;;;;;
警官;けいかん;police officer;n;5;Are you cops?;<ruby>警官<rt>けいかん</rt></ruby>なの？;police officer, policeman, constable;n;;;;;警官隊;武装警官;婦人警官
警官隊;けいかんたい;(squad of) police;n;0;;;;;;;;;;;
武装警官;ぶそうけいかん;armed police;n;0;;;;;;;;;;;
婦人警官;ふじんけいかん;policewoman;n;0;;;;;;;;;;;
今朝;けさ;this morning;n, adv;5;Did you see the rainbow this morning?;<ruby>今朝<rt>けさ</rt></ruby>の<ruby>虹<rt>にじ</rt></ruby>みた？;this morning;n, adv;;;;;今朝方;;
今朝方;けさがた;this morning;n, adv;0;;;;;;;;;;;
消す;けす;to erase, to delete, to turn off power;v5s, vt;5;Don't turn off the light.;<ruby>電気<rt>でんき</rt></ruby>を<ruby>消<rt>け</rt></ruby>すな。;to erase, to rub out, to rub off, to cross out, to delete;v5s, vt;to turn off (a light, TV, heater, etc.), to switch off;v5s, vt;to extinguish (a fire, candle, etc.), to put out;v5s, vt;もみ消す;かき消す;消する
もみ消す;もみけす;to stub out (e.g. a cigarette);v5s, vt;0;;;;;;;;;;;
かき消す;かきけす;to erase;v5s, vt;0;;;;;;;;;;;
消する;しょうする;to disappear;vs-s, vi;0;;;;;;;;;;;
結構;けっこう;splendid, enough, tolerably;adj-na;5;It's fine.;<ruby>結構<rt>けっこう</rt></ruby>です。;splendid, nice, wonderful, delightful, lovely, excellent, fine;adj-na;sufficient, satisfactory, enough, fine, all right, OK;adj-na;"not needing (any more of something), (already) having enough, fine (as in ""I'm fine""), no, thank you";adj-na;結構大変;結構人;結構者
結構大変;けっこうたいへん;quite a chore;exp;0;;;;;;;;;;;
結構人;けっこうじん;nice person;n;0;;;;;;;;;;;
結構者;けっこうしゃ;nice person;n;0;;;;;;;;;;;
結婚;けっこん (する);marriage (get married);n, vs, vi;5;Why don't we get married?;<ruby>結婚<rt>けっこん</rt></ruby>しない？;marriage;n, vs, vi;;;;;結婚祝い;結婚式;結婚相手
結婚祝い;けっこんいわい;wedding present;n;0;;;;;;;;;;;
結婚式;けっこんしき;marriage ceremony;n;0;;;;;;;;;;;
結婚相手;けっこんあいて;marriage partner;n;0;;;;;;;;;;;
月曜日;げつようび;Monday;n, adv;5;Is Monday OK?;<ruby>月曜日<rt>げつようび</rt></ruby>でいい？;Monday;n, adv;;;;;;;
玄関;げんかん;entrance (to a house or a building);n;5;There's someone at the door.;<ruby>玄関<rt>げんかん</rt></ruby>に<ruby>誰<rt>だれ</rt></ruby>かいるよ。;entrance, front door, entryway, entranceway, entry hall, vestibule, porch, foyer, mud room;n;;;;;玄関先;玄関番;玄関払い
玄関先;げんかんさき;entrance;n;0;;;;;;;;;;;
玄関番;げんかんばん;doorkeeper;n;0;;;;;;;;;;;
玄関払い;げんかんばらい;refusing to see a visitor;n;0;;;;;;;;;;;
元気;げんき;health(y), energetic;adj-na, n;5;Take care.;<ruby>元気<rt>げんき</rt></ruby>でね！;lively, full of spirit, energetic, vigorous, vital, spirited;adj-na, n;healthy, well, fit, in good health;adj-na, n;;;元気者;元気はつらつ;元気づける
元気者;げんきもの;lively person;n;0;;;;;;;;;;;
元気はつらつ;げんきはつらつ;full of energy;n, adj-na;0;;;;;;;;;;;
元気づける;げんきづける;to pep up;v1, vt;0;;;;;;;;;;;
～個;～こ;counter for small items (e.g., fruits, cups);ctr;5;How many apples do you want?;<ruby>リンゴ<rt>りんご</rt></ruby>、<ruby>何個<rt>なんこ</rt></ruby>いる？;counter for (small) things or pieces;ctr;counter for military units;ctr;(an) individual, one person;n;個々別々;一個あたり;個々
個々別々;ここべつべつ;each one separately;n;0;;;;;;;;;;;
一個あたり;いっこあたり;each;n;0;;;;;;;;;;;
個々;ここ;individual;n, adj-no;0;;;;;;;;;;;
五;ご;five;num;5;Do you have five dollars?;<ruby>五<rt>ご</rt></ruby><ruby>ドル<rt>どる</rt></ruby>ある？;five, 5;num;;;;;五箇年;五目寿司;五目ごはん
五箇年;ごかねん;quinquennial;adj-f;0;;;;;;;;;;;
五目寿司;ごもくずし;sushi rice mixed with various ingredients (vegetables, fish, etc.);n;0;;;;;;;;;;;
五目ごはん;ごもくごはん;casserole of rice, fish or meat, and vegetables;n;0;;;;;;;;;;;
～語;～ご;word, language;n, n-suf, ctr;5;Speak English.;<ruby>英語<rt>えいご</rt></ruby>で<ruby>話<rt>はな</rt></ruby>せ！;word, term;n, n-suf, ctr;language;n, n-suf;speech;n;語呂合わせ;二ヶ国語;語り部
語呂合わせ;ごろあわせ;wordplay;n;0;;;;;;;;;;;
二ヶ国語;にかこくご;bilingual;adj-no;0;;;;;;;;;;;
語り部;かたりべ;(professional) storyteller;n;0;;;;;;;;;;;
公園;こうえん;a park;n;5;Can we meet at the park?;<ruby>公園<rt>こうえん</rt></ruby>で<ruby>会<rt>あ</rt></ruby>えない？;(public) park;n;;;;;公園デビュー;公園墓地;公園課
公園デビュー;こうえんデビュー;bringing one's child to the local park to play for the first time;n;0;;;;;;;;;;;
公園墓地;こうえんぼち;garden cemetery;n;0;;;;;;;;;;;
公園課;こうえんか;parks section (e.g. of a city administration);n;0;;;;;;;;;;;
交差点;こうさてん;intersection;n;5;There was an accident at the intersection.;<ruby>交差点<rt>こうさてん</rt></ruby>で<ruby>事故<rt>じこ</rt></ruby>があった。;crossing, intersection;n;;;;;スクランブル交差点;円形交差点;環状交差点
スクランブル交差点;スクランブルこうさてん;scramble intersection;n;0;;;;;;;;;;;
円形交差点;えんけいこうさてん;roundabout;n;0;;;;;;;;;;;
環状交差点;かんじょうこうさてん;roundabout;n;0;;;;;;;;;;;
紅茶;こうちゃ;black tea;n;5;How about some tea?;<ruby>紅茶<rt>こうちゃ</rt></ruby>はいかが？;black tea;n;;;;;紅茶キノコ;紅茶道具一式;ロシア紅茶
紅茶キノコ;こうちゃキノコ;kombucha;n;0;;;;;;;;;;;
紅茶道具一式;こうちゃどうぐいっしき;tea set;n;0;;;;;;;;;;;
ロシア紅茶;ロシアこうちゃ;tea flavoured with jam;n;0;;;;;;;;;;;
交番;こうばん;police box;n;5;A police station is close at hand.;<ruby>交番<rt>こうばん</rt></ruby>が<ruby>近<rt>ちか</rt></ruby>くにある。;police box, koban, small neighborhood police station;n;alternation;n;alternating (current, stress, etc.);adj-f;交番電流;交番応力;交番所
交番電流;こうばんでんりゅう;alternating current;n;0;;;;;;;;;;;
交番応力;こうばんおうりょく;alternating stress;n;0;;;;;;;;;;;
交番所;こうばんしょ;police box;n;0;;;;;;;;;;;
声;こえ;voice;n;5;You are talking through the nose.;<ruby>鼻声<rt>はなごえ</rt></ruby>だね。;voice;n;singing (of a bird), chirping (of an insect), hoot;n;voice, opinion (as expressed in words), view, wish, attitude, will;n;声を呑む;声がかり;声が枯れる
声を呑む;こえをのむ;to choke up;exp, v5m;0;;;;;;;;;;;
声がかり;こえがかり;recommendation of an influential person;n;0;;;;;;;;;;;
声が枯れる;こえがかれる;to become hoarse;exp, v1;0;;;;;;;;;;;
コート;コート;coat, court (e.g., tennis);n;5;Why don't you take off your coat?;<ruby>コート<rt>こーと</rt></ruby><ruby>脱<rt>ぬ</rt></ruby>いだら？;coat;n;coating;n;;;コートジボワール;コートデュローヌ;コートチェンジ
コートジボワール;コートジボワール;Côte d'Ivoire;n;0;;;;;;;;;;;
コートデュローヌ;コートデュローヌ;Côtes du Rhône (wine);n;0;;;;;;;;;;;
コートチェンジ;コートチェンジ;changing ends (in tennis, volleyball, etc.);n;0;;;;;;;;;;;
コーヒー;コーヒー;coffee;n;5;Did you get coffee?;<ruby>コーヒー<rt>こーひー</rt></ruby><ruby>買<rt>か</rt></ruby>った？;coffee;n;;;;;コーヒーブレーク;コーヒーメーカー;コーヒー沸かし
コーヒーブレーク;コーヒーブレーク;coffee break;n;0;;;;;;;;;;;
コーヒーメーカー;コーヒーメーカー;coffee maker;n;0;;;;;;;;;;;
コーヒー沸かし;コーヒーわかし;coffee pot;n;0;;;;;;;;;;;
ここ;ここ;here, this place;pn;5;Here.;ここ。;here, this place;pn;this point, here, now;pn;these past ... (e.g. three years), these last ...;pn;ここで会ったが百年目;心躍る;心ここにあらず
ここで会ったが百年目;ここであったがひゃくねんめ;at last your time has come;exp;0;;;;;;;;;;;
心躍る;こころおどる;to be thrilled;v5r, vi;0;;;;;;;;;;;
心ここにあらず;こころここにあらず;there in body, but not in spirit;exp;0;;;;;;;;;;;
午後;ごご;afternoon, P.M.;n, adv;5;It's eight o'clock at night.;<ruby>午後<rt>ごご</rt></ruby><ruby>八<rt>はち</rt></ruby><ruby>時<rt>とき</rt></ruby>です。;afternoon, p.m.;n, adv;;;;;午後一;午後中;午後零時
午後一;ごごいち;first thing in the afternoon;n, adv;0;;;;;;;;;;;
午後中;ごごじゅう;throughout the afternoon;n;0;;;;;;;;;;;
午後零時;ごごれいじ;noon;n;0;;;;;;;;;;;
九日;ここのか;nine days, ninth day of the month;n;5;We will be conducting an inspection on your stomach tomorrow morning at nine, so please do not ingest anything for twelve hours beforehand.;<ruby>明日<rt>あした</rt></ruby>の<ruby>朝<rt>あさ</rt></ruby><ruby>九時<rt>くじ</rt></ruby>から<ruby>胃<rt>い</rt></ruby>の<ruby>検査<rt>けんさ</rt></ruby>を<ruby>行<rt>おこな</rt></ruby>いますので、<ruby>前日<rt>ぜんじつ</rt></ruby>の<ruby>夜<rt>よる</rt></ruby><ruby>九時<rt>くじ</rt></ruby><ruby>以降<rt>いこう</rt></ruby>は<ruby>何<rt>なに</rt></ruby>も<ruby>飲<rt>の</rt></ruby>んだり<ruby>食<rt>た</rt></ruby>べたりしないでください。;9th day of the month;n;nine days;n;;;１９日;２９日;四十九日
１９日;じゅうくにち;19th day of the month;n;0;;;;;;;;;;;
２９日;にじゅうくにち;29th day of the month;n;0;;;;;;;;;;;
四十九日;しじゅうくにち;forty-ninth day after a person's death;n;0;;;;;;;;;;;
九つ;ここのつ;nine things;num;5;Shinji ate nine coconuts.;<ruby>新二<rt>しんじ</rt></ruby>は<ruby>九<rt>ここの</rt></ruby>つの<ruby>ココナッツ<rt>ここなっつ</rt></ruby>を<ruby>食<rt>た</rt></ruby>べました。;nine;num;nine years of age;n;twelve o'clock (old time system);n;九つ時;;
九つ時;ここのつどき;(approx.) twelve o'clock (am or pm, old time system);n;0;;;;;;;;;;;
午前;ごぜん;morning, A.M.;n, adv;5;It’s 8:00 am.;<ruby>午前<rt>ごぜん</rt></ruby>８<ruby>時<rt>とき</rt></ruby>です。;morning, a.m.;n, adv;;;;;午前中;午前様;午前零時
午前中;ごぜんちゅう;in the morning;n;0;;;;;;;;;;;
午前様;ごぜんさま;coming home after midnight;exp, n;0;;;;;;;;;;;
午前零時;ごぜんれいじ;midnight;n;0;;;;;;;;;;;
答える;こたえる;to answer, to reply;v1, vi;5;Do not answer hastily.;<ruby>軽率<rt>けいそつ</rt></ruby>に<ruby>答<rt>こた</rt></ruby>えるな。;to answer, to reply;v1, vi;;;;;質問に答える;;
質問に答える;しつもんにこたえる;to answer a question;exp, v1;0;;;;;;;;;;;
こちら;こちら;this person (polite), this way (polite);pn;5;The pleasure is mine.;こちらこそ。;this way, this direction;pn;here;pn;this (one);pn;こちらの話;こちら持ち;こちらこそ
こちらの話;こちらのはなし;matter being discussed (e.g. in a private conversation);exp;0;;;;;;;;;;;
こちら持ち;こちらもち;covering the costs oneself;exp, n;0;;;;;;;;;;;
こちらこそ;こちらこそ;it is I who should say so;exp;0;;;;;;;;;;;
こっち;こっち;this person, this direction, this side;pn;5;Hurry this way!;こっちへ<ruby>急<rt>いそ</rt></ruby>げ！;this way, this direction;pn;here;pn;this (one);pn;こっちの話;こっちの物;知ったこっちゃない
こっちの話;こっちのはなし;matter being discussed (e.g. in a private conversation);exp;0;;;;;;;;;;;
こっちの物;こっちのもの;mine (ours) for the taking;exp, n;0;;;;;;;;;;;
知ったこっちゃない;しったこっちゃない;I don't give a damn;exp, adj-i;0;;;;;;;;;;;
コップ;コップ;a tumbler, a glass;n;5;Whose glass is this?;この<ruby>コップ<rt>こっぷ</rt></ruby><ruby>誰<rt>だれ</rt></ruby>の？;glass (drinking vessel), tumbler;n;cups (suit);n;;;コップの中の嵐;コップ酒;コップ座
コップの中の嵐;コップのなかのあらし;storm in a teacup;exp, n;0;;;;;;;;;;;
コップ酒;コップざけ;sake in a tumbler;n;0;;;;;;;;;;;
コップ座;コップざ;Crater (constellation);n;0;;;;;;;;;;;
今年;ことし;this year;n, adv;5;This winter has been mild.;<ruby>今年<rt>こんねん</rt></ruby>は<ruby>暖冬<rt>だんとう</rt></ruby>だね。;this year;n, adv;;;;;今年度;今年中に;今年初
今年度;こんねんど;this year;n, adv;0;;;;;;;;;;;
今年中に;ことしじゅうに;by the end of this year;exp, adv;0;;;;;;;;;;;
今年初;ことしはつ;(for the) first time this year;n, adj-no;0;;;;;;;;;;;
言葉;ことば;language, word(s), expression(s);n;5;Password?;<ruby>合言葉<rt>あいことば</rt></ruby>は？;language, dialect;n;word, phrase, expression, term;n;speech, (manner of) speaking, (use of) language;n;言葉遣い;言葉を呑む;言葉のあや
言葉遣い;ことばづかい;speech;n;0;;;;;;;;;;;
言葉を呑む;ことばをのむ;to choke up;exp, v5m;0;;;;;;;;;;;
言葉のあや;ことばのあや;figure of speech;exp, n;0;;;;;;;;;;;
子供;こども;child(ren);n;5;Do you like kids?;<ruby>子供<rt>こども</rt></ruby><ruby>好<rt>す</rt></ruby>き？;child, children;n;;;;;子供たち;子供の頃;子供じみた
子供たち;こどもたち;children;n;0;;;;;;;;;;;
子供の頃;こどものころ;(time of) one's childhood;exp, n, adv;0;;;;;;;;;;;
子供じみた;こどもじみた;childish;adj-f;0;;;;;;;;;;;
この;この;this;num;5;Coward!;この<ruby>弱虫<rt>よわむし</rt></ruby>！;nine, 9;num;;;;;この期に及んで;この内;この上ない
この期に及んで;このごにおよんで;at this point;exp;0;;;;;;;;;;;
この内;このうち;among these;exp;0;;;;;;;;;;;
この上ない;このうえない;the most;exp, adj-i;0;;;;;;;;;;;
御飯;ごはん;rice (cooked), meal;n;5;Dinner is ready.;<ruby>夕御飯<rt>ゆうごはん</rt></ruby>ができました。;cooked rice;n;meal;n;;;ご飯時;御飯蒸し;おまんまの食い上げ
ご飯時;ごはんどき;mealtime;n;0;;;;;;;;;;;
御飯蒸し;ごはんむし;a rice steamer;n;0;;;;;;;;;;;
おまんまの食い上げ;おまんまのくいあげ;losing one's means of livelihood;exp, n;0;;;;;;;;;;;
コピーする;コピーする;to copy;Noun, Suru verb, Transitive verb;5;Put a tag on the pages you want copied.;<ruby>コピー<rt>こぴー</rt></ruby>する<ruby>ページ<rt>ぺーじ</rt></ruby>に<ruby>付箋<rt>ふせん</rt></ruby>をつけておいてください。;copy, photocopy;Noun, Suru verb, Transitive verb;book jacket blurb;Noun;(advertising) slogan;Noun;;;
困る;こまる;to be bothered, to have difficulty;v5r, vi;5;I need my cane.;<ruby>杖<rt>つえ</rt></ruby>がないと<ruby>困<rt>こま</rt></ruby>る。;to be troubled, to have difficulty, to be in a fix, to be at a loss, to be stumped, to be embarrassed;v5r, vi;to be bothered, to be inconvenienced, to be annoyed;v5r, vi;to be badly off, to be hard up, to be in straitened circumstances;v5r, vi;生活に困る;返答に困る;
生活に困る;せいかつにこまる;to live in want;exp, v5r;0;;;;;;;;;;;
返答に困る;へんとうにこまる;to not know how to respond;exp, v5r;0;;;;;;;;;;;
これ;これ;this one;pn;5;Is this strange?;これ<ruby>変<rt>へん</rt></ruby>？;this, this one;pn;this person;pn;now, this point (in time);pn;これを機に;これに懲りよ道才坊;これもまた過ぎ去る
これを機に;これをきに;with this (as a reason, excuse, impetus, starting point, etc.);exp;0;;;;;;;;;;;
これに懲りよ道才坊;これにこりよどうさいぼう;take it as a lesson learned;exp;0;;;;;;;;;;;
これもまた過ぎ去る;これもまたすぎさる;this too shall pass;exp;0;;;;;;;;;;;
～ころ, ～ごろ;～ころ, ～ごろ;about, toward, approximately (time);n, adv, n-suf;5;It gets dark about half past five these days.;このごろは５<ruby>時半頃<rt>じはんころ</rt></ruby>に<ruby>暗<rt>くら</rt></ruby>くなる。;(approximate) time, around, about, toward;n, adv, n-suf;suitable time (or condition);n, adv, n-suf;time of year, season;n, adv, n-suf;ころ軸受;コロコロ;ゴロゴロ
ころ軸受;ころじくうけ;roller bearing;n;0;;;;;;;;;;;
コロコロ;コロコロ;(rolling) along;adv, adv-to;0;;;;;;;;;;;
ゴロゴロ;ゴロゴロ;rumbling (of thunder, one's stomach, etc.);adv, adv-to, vs, vi;0;;;;;;;;;;;
今月;こんげつ;this month;n, adv;5;Money's tight for me this month.;<ruby>今月<rt>こんげつ</rt></ruby>は<ruby>ピンチ<rt>ぴんち</rt></ruby>だ。;this month;n, adv;;;;;今月分;今月末;今月中に
今月分;こんげつぶん;(charge) for this month;n;0;;;;;;;;;;;
今月末;こんげつまつ;end of this month;n;0;;;;;;;;;;;
今月中に;こんげつちゅうに;by the end of this month;exp, adv;0;;;;;;;;;;;
今週;こんしゅう;this week;n, adv;5;Are you free this weekend?;<ruby>今週末<rt>こんしゅうまつ</rt></ruby>は<ruby>暇<rt>ひま</rt></ruby>？;this week;n, adv;;;;;今週末;今週中に;今週号
今週末;こんしゅうまつ;this weekend;n;0;;;;;;;;;;;
今週中に;こんしゅうちゅうに;before the week is out;adv;0;;;;;;;;;;;
今週号;こんしゅうごう;this week's issue (e.g. of a magazine);n;0;;;;;;;;;;;
こんな;こんな;such, like this;adj-pn;5;I wanna get out of here!;こんな<ruby>所出<rt>しょしゅつ</rt></ruby>よう！;this sort of, this kind of, like this, such;adj-pn;;;;;こんな風に;こんなに;こんなん
こんな風に;こんなふうに;in this way;adv;0;;;;;;;;;;;
こんなに;こんなに;so;adv;0;;;;;;;;;;;
こんなん;こんなん;such a thing;n, adj-na;0;;;;;;;;;;;
今晩;こんばん;tonight, this evening;n, adv;5;Are you free tonight?;<ruby>今晩<rt>こんばん</rt></ruby><ruby>暇<rt>ひま</rt></ruby>かな？;tonight, this evening;n, adv;;;;;今晩は;;
今晩は;こんばんは;good evening;int;0;;;;;;;;;;;
さあ;さあ;come now, well;int;5;You can search me!;さあね。;come (on), come now, come along, here;int;all right, right, okay, now, here goes;int;well, hmm, uh, let's see, I'm not sure;int;さあらぬ体;さあさあ;さあっと
さあらぬ体;さあらぬてい;unconcerned air;exp, n;0;;;;;;;;;;;
さあさあ;さあさあ;come, come;int;0;;;;;;;;;;;
さあっと;さあっと;relatively quickly (esp. actions);adv;0;;;;;;;;;;;
～歳;～さい;~ years old;ctr;5;Cats forever!;<ruby>猫<rt>ねこ</rt></ruby><ruby>万歳<rt>ばんざい</rt></ruby>！;... years old, age (of) ...;ctr;;;;;年食う;年を食う;子供は３歳までに一生分の親孝行をする
年食う;としくう;to grow older (than expected);exp, v5u;0;;;;;;;;;;;
年を食う;としをくう;to grow older (than expected);exp, v5u;0;;;;;;;;;;;
子供は３歳までに一生分の親孝行をする;こどもはさんさいまでにいっしょうぶんのおやこうこうをする;children pay back their debt to their parents in full by age 3 (through their cuteness);exp;0;;;;;;;;;;;
財布;さいふ;wallet;n;5;Give me back my wallet.;<ruby>財布<rt>さいふ</rt></ruby>を<ruby>返<rt>かえ</rt></ruby>せ。;wallet, purse, coin purse, billfold, pocketbook;n;;;;;財布の紐を緩める;財布の紐;財布の紐を握る
財布の紐を緩める;さいふのひもをゆるめる;to loosen the purse strings;exp, v1;0;;;;;;;;;;;
財布の紐;さいふのひも;purse strings;exp, n;0;;;;;;;;;;;
財布の紐を握る;さいふのひもをにぎる;to hold the purse strings;exp, v5r;0;;;;;;;;;;;
魚;さかな;fish;n;5;Is the fish tasty?;<ruby>魚<rt>さかな</rt></ruby>、<ruby>美味<rt>おい</rt></ruby>しい？;fish;n;;;;;魚を取る;魚虱;魚釣り
魚を取る;さかなをとる;to catch fish;exp, v5r;0;;;;;;;;;;;
魚虱;ウオジラミ;Japanese fish louse (Argulus japonicus);n;0;;;;;;;;;;;
魚釣り;さかなつり;fishing;n;0;;;;;;;;;;;
先;さき;future, recent, previous;n;5;Are you a teacher?;<ruby>先生<rt>せんせい</rt></ruby>なの？;point, tip, end, nozzle;n;head (of a line), front;n;first, before, ahead (of);n;先ずもって;先陣を切る;先駆ける
先ずもって;まずもって;first of all;adv;0;;;;;;;;;;;
先陣を切る;せんじんをきる;to lead (an advance);exp, v5r;0;;;;;;;;;;;
先駆ける;さきがける;to do (something) before (something or someone else);v1, vi;0;;;;;;;;;;;
咲く;さく;to bloom;v5k, vi;5;Flowers bloom.;<ruby>花<rt>はな</rt></ruby>は<ruby>咲<rt>さ</rt></ruby>く。;to bloom, to flower, to blossom, to open;v5k, vi;to rise up (of breaking waves);v5k, vi;;;死んで花実が咲くものか;桜咲く;花咲く
死んで花実が咲くものか;しんではなみがさくものか;once you're dead, that's it;exp;0;;;;;;;;;;;
桜咲く;さくらさく;to pass an exam;exp, v5k;0;;;;;;;;;;;
花咲く;はなさく;to bloom;v5k;0;;;;;;;;;;;
作文;さくぶん;essay, composition;n, vs, vi;5;She is excellent in composition.;<ruby>彼女<rt>かのじょ</rt></ruby>は<ruby>作文<rt>さくぶん</rt></ruby>が<ruby>優秀<rt>ゆうしゅう</rt></ruby>だ。;writing (an essay, prose, etc.), composition;n, vs, vi;formal writing with little real meaning;n, vs, vi;;;作文の題;英作文;
作文の題;さくぶんのだい;subject of a composition;n;0;;;;;;;;;;;
英作文;えいさくぶん;English composition;n;0;;;;;;;;;;;
差す;さす;to raise (stretch out) hands, to raise (e.g., umbrella);v5s, vi;5;It's not polite to point at others.;<ruby>人<rt>にん</rt></ruby>を<ruby>指差<rt>ゆびさし</rt></ruby>すのは<ruby>失礼<rt>しつれい</rt></ruby>だよ。;to shine;v5s, vi;to be visible;v5s, vi;to be tinged with;v5s, vi;嫌気がさす;影が差す;日が差す
嫌気がさす;いやけがさす;to be tired of;exp, v5s;0;;;;;;;;;;;
影が差す;かげがさす;to cast a shadow;exp, v5s;0;;;;;;;;;;;
日が差す;ひがさす;to shine (of the Sun);exp, v5s;0;;;;;;;;;;;
～冊;～さつ;counter for books;ctr;5;How many books did you borrow?;<ruby>本<rt>ほん</rt></ruby>は<ruby>何冊<rt>なんさつ</rt></ruby><ruby>借<rt>か</rt></ruby>りたの？;counter for books;ctr;volume;n;;;冊子;草紙;冊数
冊子;さっし;book;n;0;;;;;;;;;;;
草紙;そうし;written work (esp. a bound text, as opposed to a scroll);n;0;;;;;;;;;;;
冊数;さっすう;number of books;n;0;;;;;;;;;;;
雑誌;ざっし;magazine, journal;n;5;Give me some kind of magazines, will you?;<ruby>雑誌<rt>ざっし</rt></ruby>をくれないか。;magazine, journal, periodical;n;;;;;雑誌社;雑誌記事;雑誌記者
雑誌社;ざっししゃ;magazine (company);n;0;;;;;;;;;;;
雑誌記事;ざっしきじ;magazine article;n;0;;;;;;;;;;;
雑誌記者;ざっしきしゃ;magazine journalist;n;0;;;;;;;;;;;
砂糖;さとう;sugar;n;5;sugar diabetes;<ruby>砂糖<rt>さとう</rt></ruby><ruby>糖尿病<rt>とうにょうびょう</rt></ruby>;sugar;n;;;;;砂糖黍;砂糖漬け;砂糖入れ
砂糖黍;さとうきび;sugarcane (Saccharum officinarum);n;0;;;;;;;;;;;
砂糖漬け;さとうづけ;preserving in sugar;n;0;;;;;;;;;;;
砂糖入れ;さとういれ;sugar bowl;n;0;;;;;;;;;;;
寒い;さむい;cold (in reference to weather);adj-i;5;Are you cold?;<ruby>寒<rt>さむ</rt></ruby>いの？;cold (e.g. weather);adj-i;uninteresting (esp. joke), lame, dull, weak, corny;adj-i;;;肌寒い;お寒い;薄寒い
肌寒い;はださむい;chilly;adj-i;0;;;;;;;;;;;
お寒い;おさむい;poor;adj-i;0;;;;;;;;;;;
薄寒い;うすさむい;somewhat cold;adj-i;0;;;;;;;;;;;
さ来年;さらいねん;year after next;n, adv;5;"""Your daughter – will she be looking for work this year?"" ""No. The next year.""";「<ruby>娘<rt>むすめ</rt></ruby>さんて、<ruby>今年<rt>こんねん</rt></ruby><ruby>就職<rt>しゅうしょく</rt></ruby>？」「ううん。<ruby>来年<rt>らいねん</rt></ruby>よ」;year after next;n, adv;;;;;;;
～さん;～さん;Mr. ~, Ms. ~;suf;5;I'm for it.;<ruby>賛成<rt>さんせい</rt></ruby>。;Mr, Mrs, Miss, Ms, -san;suf;politeness marker;suf;;;お姉さん;お祖父さん;お祖母さん
お姉さん;おねえさん;older sister;n;0;;;;;;;;;;;
お祖父さん;おじいさん;grandfather;n;0;;;;;;;;;;;
お祖母さん;おばあさん;grandmother;n;0;;;;;;;;;;;
三;さん;three;num;5;;;three, 3;num;;;;;三つ又;三箇年;三が日
三つ又;みつまた;three-pronged;adj-no;0;;;;;;;;;;;
三箇年;さんかねん;triennial;adj-f;0;;;;;;;;;;;
三が日;さんがにち;first three days of the New Year (January 1-3);n;0;;;;;;;;;;;
散歩;さんぽ (する);walk, stroll;n, vs, vi;5;Are you going for a walk?;<ruby>散歩<rt>さんぽ</rt></ruby>に<ruby>行<rt>い</rt></ruby>くの？;walk, stroll;n, vs, vi;;;;;散歩旁;散歩道;散歩日和
散歩旁;さんぽかたがた;while taking a walk;n;0;;;;;;;;;;;
散歩道;さんぽみち;promenade;n;0;;;;;;;;;;;
散歩日和;さんぽびより;ideal weather for a walk;n;0;;;;;;;;;;;
四;し;four;num;5;Look! A four-leafed clover!;<ruby>見<rt>み</rt></ruby>て！<ruby>四<rt>よ</rt></ruby>つ<ruby>葉<rt>は</rt></ruby>！;four, 4;num;;;;;四箇年;四方反鉋;４０
四箇年;よんかねん;quadrennial;adj-f;0;;;;;;;;;;;
四方反鉋;しほうそりかんな;wooden plane with a convex base curved both along the direction of cutting and across the blade;n;0;;;;;;;;;;;
４０;よんじゅう;forty;num;0;;;;;;;;;;;
～時;～じ;~ o'clock (time);suf;5;Is it five already?;もう５<ruby>時<rt>とき</rt></ruby>？;hour, o'clock;suf;(specified) time, when ..., during ...;suf, adj-no;;;時折;時々;時は金なり
時折;ときおり;sometimes;adv;0;;;;;;;;;;;
時々;ときどき;sometimes;adv, adj-no;0;;;;;;;;;;;
時は金なり;ときはかねなり;time is money;exp;0;;;;;;;;;;;
塩;しお;salt;n;5;Be utterly dejected.;<ruby>青菜<rt>あおな</rt></ruby>に<ruby>塩<rt>しお</rt></ruby>。;salt, common salt, table salt, sodium chloride;n;hardship, toil, trouble;n;saltiness;n;塩ダレ;塩焼き;塩漬け
塩ダレ;しおダレ;salty sauce;n;0;;;;;;;;;;;
塩焼き;しおやき;grilling (fish) with salt;n, vs, vt;0;;;;;;;;;;;
塩漬け;しおづけ;pickling in salt;n, vs, vt;0;;;;;;;;;;;
しかし;しかし;however, but;conj;5;But why?;しかし、なぜ？;however, but;conj;;;;;しかしも案山子もない;若しかしたら;若しかして
しかしも案山子もない;しかしもかかしもない;stop complaining;exp;0;;;;;;;;;;;
若しかしたら;もしかしたら;perhaps;exp, adv;0;;;;;;;;;;;
若しかして;もしかして;perhaps;adv;0;;;;;;;;;;;
時間;じかん;time;n;5;Is it time?;<ruby>時間<rt>じかん</rt></ruby>なの？;time;n;hour;n;period, class, lesson;n;時間通り;時間の無駄;時間が経つにつれて
時間通り;じかんどおり;on time;adv, adj-no;0;;;;;;;;;;;
時間の無駄;じかんのむだ;waste of time;exp, n;0;;;;;;;;;;;
時間が経つにつれて;じかんがたつにつれて;as time passes;exp;0;;;;;;;;;;;
～時間;～じかん;~ hours;n;5;Is it time?;<ruby>時間<rt>じかん</rt></ruby>なの？;time;n;hour;n;period, class, lesson;n;時間通り;時間の無駄;時間が経つにつれて
時間通り;じかんどおり;on time;adv, adj-no;0;;;;;;;;;;;
時間の無駄;じかんのむだ;waste of time;exp, n;0;;;;;;;;;;;
時間が経つにつれて;じかんがたつにつれて;as time passes;exp;0;;;;;;;;;;;
仕事;しごと;work, job, occupation, employment;n, vs, vi;5;Are you working today?;<ruby>今日<rt>こんにち</rt></ruby>は<ruby>仕事<rt>しごと</rt></ruby>？;work, job, labor, labour, business, task, assignment, occupation, employment;n, vs, vi;work;n;;;仕事始め;仕事バカ;仕事柄
仕事始め;しごとはじめ;resuming work after the New Year's vacation;n;0;;;;;;;;;;;
仕事バカ;しごとばか;workaholic;n;0;;;;;;;;;;;
仕事柄;しごとがら;for work;adv, n;0;;;;;;;;;;;
辞書;じしょ;dictionary;n;5;Are you a walking dictionary?;<ruby>歩<rt>ある</rt></ruby>く<ruby>辞書<rt>じしょ</rt></ruby>なの？;dictionary, lexicon;n;letter of resignation;n;;;辞書類;辞書部門;辞書編集
辞書類;じしょるい;dictionaries (and similar books);n;0;;;;;;;;;;;
辞書部門;じしょぶもん;lexicon;n;0;;;;;;;;;;;
辞書編集;じしょへんしゅう;lexicography;n;0;;;;;;;;;;;
静か;しずか;quiet, calm;adj-na;5;Be quiet!;<ruby>静<rt>しず</rt></ruby>かに！;quiet, silent;adj-na;slow, unhurried;adj-na;calm, peaceful;adj-na;静かに;静かに流れる川は深い;静かの海
静かに;しずかに;calmly;adv;0;;;;;;;;;;;
静かに流れる川は深い;しずかにながれるかわはふかい;still waters run deep;exp, adj-i;0;;;;;;;;;;;
静かの海;しずかのうみ;Mare Tranquillitatis (lunar mare);exp, n;0;;;;;;;;;;;
下;した;under, below, beneath;n;5;It's diarrhea.;<ruby>下痢<rt>げり</rt></ruby>だよ。;below, down, under, younger (e.g. daughter);n;bottom;n;beneath, underneath;n;下衆の勘繰り;下種張る;下張り
下衆の勘繰り;げすのかんぐり;putting a deliberately bad interpretation (on a person's actions);exp, n;0;;;;;;;;;;;
下種張る;げすばる;to be churlish;v5r;0;;;;;;;;;;;
下張り;したばり;undercoat;n, vs, vt;0;;;;;;;;;;;
七;しち;seven;num;5;He's seven years old.;<ruby>七歳<rt>ななさい</rt></ruby>です。;seven;num;;;;;七箇年;七草粥;七輪
七箇年;ななかねん;septennial;adj-f;0;;;;;;;;;;;
七草粥;ななくさがゆ;rice gruel traditionally eaten on the 7th day of the new year containing the seven plants of spring;n;0;;;;;;;;;;;
七輪;しちりん;earthen charcoal brazier (for cooking);n;0;;;;;;;;;;;
質問;しつもん;question, inquiry;n, vs, vt, vi, adj-no;5;I have a question.;<ruby>質問<rt>しつもん</rt></ruby>がある。;question, inquiry, enquiry;n, vs, vt, vi, adj-no;;;;;質問攻め;よくあるご質問;質問をする
質問攻め;しつもんぜめ;barrage of questions;n;0;;;;;;;;;;;
よくあるご質問;よくあるごしつもん;frequently asked questions;exp, n;0;;;;;;;;;;;
質問をする;しつもんをする;to ask a question;exp, vs-i;0;;;;;;;;;;;
自転車;じてんしゃ;bicycle;n;5;;;bicycle, bike;n;;;;;自転車をこぐ;自転車置き場;折りたたみ自転車
自転車をこぐ;じてんしゃをこぐ;to pedal a bicycle;exp, v5g;0;;;;;;;;;;;
自転車置き場;じてんしゃおきば;bicycle parking (spot, shed, etc.);n;0;;;;;;;;;;;
折りたたみ自転車;おりたたみじてんしゃ;folding bicycle;n;0;;;;;;;;;;;
自動車;じどうしゃ;automobile;n;5;The car made a turn to the left.;<ruby>自動車<rt>じどうしゃ</rt></ruby>は<ruby>左折<rt>させつ</rt></ruby>した。;car, automobile, motorcar, motor vehicle, auto;n;;;;;乗合自動車;自動車化;自動車損害賠償責任保険
乗合自動車;のりあいじどうしゃ;bus (on a regular route);n;0;;;;;;;;;;;
自動車化;じどうしゃか;motorization;n, vs;0;;;;;;;;;;;
自動車損害賠償責任保険;じどうしゃそんがいばいしょうせきにんほけん;mandatory vehicle liability insurance;n;0;;;;;;;;;;;
死ぬ;しぬ;to die;v5n, vn, vi;5;Don't die.;<ruby>死<rt>し</rt></ruby>ぬな！;to die, to pass away;v5n, vn, vi;to lose spirit, to lose vigor, to look dead;v5n, vn, vi;to cease, to stop;v5n, vn, vi;死ぬまで戦う;死ぬほど;のたれ死ぬ
死ぬまで戦う;しぬまでたたかう;to fight to the last (death);exp, v5u;0;;;;;;;;;;;
死ぬほど;しぬほど;to death (bored, scared, etc.);exp;0;;;;;;;;;;;
のたれ死ぬ;のたれじぬ;to die by the roadside;v5n, vi;0;;;;;;;;;;;
字引;じびき;dictionary;n;5;He is, so to speak, a walking dictionary.;<ruby>彼<rt>かれ</rt></ruby>は、いわば、<ruby>生き字引<rt>いきじびき</rt></ruby>だ。;dictionary;n;;;;;生き字引;字引学問;
生き字引;いきじびき;walking encyclopedia;n;0;;;;;;;;;;;
字引学問;じびきがくもん;superficial learning;n;0;;;;;;;;;;;
自分;じぶん;myself, oneself;pn;5;Do it yourself.;<ruby>自分<rt>じぶん</rt></ruby>でしろ。;myself, yourself, oneself, himself, herself;pn;I, me;pn;you;pn;自分のことは棚に上げる;自分のことを棚に上げる;自分の首を絞める
自分のことは棚に上げる;じぶんのことはたなにあげる;to ignore one's own shortcomings;exp, v1;0;;;;;;;;;;;
自分のことを棚に上げる;じぶんのことをたなにあげる;to ignore one's own shortcomings;exp, v1;0;;;;;;;;;;;
自分の首を絞める;じぶんのくびをしめる;to cut one's own throat;exp, v1;0;;;;;;;;;;;
閉まる;しまる;to close, to be closed;v5r, vi;5;We close at 2:30.;2<ruby>時半<rt>じはん</rt></ruby>に<ruby>閉<rt>し</rt></ruby>まる。;to be shut, to close, to be closed;v5r, vi;to be firm (of a body, face, etc.), to be well-knit;v5r, vi;to be locked;v5r, vi;;;
閉める;しめる;to close, to shut;v1, vt;5;It is time to shut the gate.;<ruby>門<rt>もん</rt></ruby>を<ruby>閉<rt>し</rt></ruby>める<ruby>時間<rt>じかん</rt></ruby>だ。;to close, to shut;v1, vt;;;;;蓋を閉める;;
蓋を閉める;ふたをしめる;to shut the lid;exp, v1;0;;;;;;;;;;;
締める;しめる;to tie, to fasten, to tighten;v1, vt;5;Keep your purse and your mouth closed.;<ruby>口<rt>くち</rt></ruby>と<ruby>財布<rt>さいふ</rt></ruby>は<ruby>締<rt>し</rt></ruby>めるが<ruby>得<rt>え</rt></ruby>。;to tie, to fasten, to tighten;v1, vt;to wear (necktie, belt), to put on;v1, vt;to total, to sum;v1, vt;噛み締める;食い締める;引き締める
噛み締める;かみしめる;to chew thoroughly;v1, vt;0;;;;;;;;;;;
食い締める;くいしめる;to clench (one's teeth);v1, vt;0;;;;;;;;;;;
引き締める;ひきしめる;to tighten;v1, vt;0;;;;;;;;;;;
じゃ, じゃあ;じゃ, じゃあ;well, well then;conj;5;Well, unmanned drones likely lack style, right.;<ruby>無人<rt>むじん</rt></ruby><ruby>機<rt>き</rt></ruby>じゃ<ruby>味気<rt>あじけ</rt></ruby>ないだろ。;then, well, so, well then;conj;;;;;じゃかあしい;じゃねー;じゃが芋
じゃかあしい;じゃかあしい;be quiet!;int;0;;;;;;;;;;;
じゃねー;じゃねー;is not;exp;0;;;;;;;;;;;
じゃが芋;じゃがいも;potato (Solanum tuberosum);n;0;;;;;;;;;;;
写真;しゃしん;a picture, a photograph;n;5;Did you see the picture?;<ruby>写真<rt>しゃしん</rt></ruby>は<ruby>見<rt>み</rt></ruby>た？;photograph, photo, picture, photography;n;moving picture, movie;n;;;写真写り;写真機;写真を撮る
写真写り;しゃしんうつり;photogenicity;n;0;;;;;;;;;;;
写真機;しゃしんき;(photographic) camera;n;0;;;;;;;;;;;
写真を撮る;しゃしんをとる;to take a picture;exp, v5r;0;;;;;;;;;;;
シャツ;シャツ;shirt;n;5;What color is your shirt?;<ruby>シャツ<rt>しゃつ</rt></ruby>の<ruby>色<rt>いろ</rt></ruby>は<ruby>何色<rt>なにいろ</rt></ruby>？;shirt (undergarment), undershirt, singlet;n;shirt (outerwear, usu. with collar and buttons);n;;;シャツブラウス;シャツカラー;スウェットシャツ
シャツブラウス;シャツブラウス;shirt blouse;n;0;;;;;;;;;;;
シャツカラー;シャツカラー;shirt collar;n;0;;;;;;;;;;;
スウェットシャツ;スウェットシャツ;sweatshirt;n;0;;;;;;;;;;;
シャワー;シャワー;shower;n;5;Are you going to shower?;<ruby>シャワー<rt>しゃわー</rt></ruby>するの？;shower;n;;;;;シャワーカーテン;シャワーキャップ;シャワートイレ
シャワーカーテン;シャワーカーテン;shower curtain;n;0;;;;;;;;;;;
シャワーキャップ;シャワーキャップ;shower cap;n;0;;;;;;;;;;;
シャワートイレ;シャワートイレ;bidet toilet;n;0;;;;;;;;;;;
十;じゅう;ten;num;5;That's enough.;<ruby>十分<rt>じゅうぶん</rt></ruby>です。;ten, 10;num;ten years of age;n;book containing a collection of poems;n;十箇年;十把一絡げ;十日戎
十箇年;じゅうかねん;decennial;adj-f;0;;;;;;;;;;;
十把一絡げ;じっぱひとからげ;lumping together (things or people);n, adj-no;0;;;;;;;;;;;
十日戎;とおかえびす;Tōka Ebisu;n;0;;;;;;;;;;;
～中;～じゅう;during, while;suf;5;Go inside.;<ruby>中<rt>なか</rt></ruby>へ。;(all) through (e.g. the night), throughout (e.g. the year), all ... long;suf;within (e.g. the week), in the course of (e.g. today), by the end of;suf;all over, throughout (e.g. the world);suf;中継ぎ;中手;中ぐり盤
中継ぎ;なかつぎ;joining;n, vs;0;;;;;;;;;;;
中手;なかて;mid-season crops;n;0;;;;;;;;;;;
中ぐり盤;なかぐりばん;boring machine;n;0;;;;;;;;;;;
～週間;～しゅうかん;~ weeks;n;5;Three weeks went by.;<ruby>三週間<rt>さんしゅうかん</rt></ruby><ruby>経<rt>へ</rt></ruby>った。;week;n;;;;;週刊誌;週刊紙;週間天気予報
週刊誌;しゅうかんし;weekly (publication);n;0;;;;;;;;;;;
週刊紙;しゅうかんし;weekly newspaper;n;0;;;;;;;;;;;
週間天気予報;しゅうかんてんきよほう;weather forecast for coming week;n;0;;;;;;;;;;;
授業;じゅぎょう;a class (of school);n, vs, vi;5;Don't you have classes today?;<ruby>今日<rt>こんにち</rt></ruby>は<ruby>授業<rt>じゅぎょう</rt></ruby>ないの？;lesson, class, teaching, instruction, classwork, schoolwork;n, vs, vi;;;;;授業料;授業中;授業参観
授業料;じゅぎょうりょう;tuition fee;n;0;;;;;;;;;;;
授業中;じゅぎょうちゅう;while in class;n;0;;;;;;;;;;;
授業参観;じゅぎょうさんかん;parents' day (day when parents observe their children in school);n;0;;;;;;;;;;;
宿題;しゅくだい;homework;n;5;I don't like homework.;<ruby>宿題<rt>しゅくだい</rt></ruby><ruby>嫌<rt>いや</rt></ruby>だ！;homework, assignment;n;pending issue, unresolved problem, open question;n;;;;;
上手;じょうず;be good at, skillful;adj-na, n;5;I sang well.;<ruby>上手<rt>じょうず</rt></ruby>に<ruby>歌<rt>うた</rt></ruby>えた。;skillful, skilled, proficient, good (at), adept, clever;adj-na, n;flattery;n;;;上手く行く;上手を行く;聞き上手
上手く行く;うまくいく;to go smoothly;exp, v5k-s;0;;;;;;;;;;;
上手を行く;うわてをいく;to have the upper hand;exp, v5k-s;0;;;;;;;;;;;
聞き上手;ききじょうず;being a good listener;n, adj-na;0;;;;;;;;;;;
丈夫;じょうぶ;strong, solid, durable;adj-na;5;;;healthy, robust, strong, solid, durable;adj-na;;;;;益荒男振り;大丈夫;偉丈夫
益荒男振り;ますらおぶり;manly poetic style (e.g. in the Man'yōshū);n;0;;;;;;;;;;;
大丈夫;だいじょうぶ;safe;adj-na;0;;;;;;;;;;;
偉丈夫;いじょうふ;great man;n;0;;;;;;;;;;;
醤油;しょうゆ;soy sauce;n;5;Tom, please pass me that soy sauce.;<ruby>トム<rt>とむ</rt></ruby>、そこの<ruby>醤油<rt>しょうゆ</rt></ruby><ruby>取<rt>と</rt></ruby>って。;soy sauce, soya sauce, shoyu;n;;;;;醤油ダレ;醤油粕;薄口醤油
醤油ダレ;しょうゆダレ;soy-based sauce;n;0;;;;;;;;;;;
醤油粕;しょうゆかす;soy sauce lees;n;0;;;;;;;;;;;
薄口醤油;うすくちしょうゆ;light soy sauce;n;0;;;;;;;;;;;
食堂;しょくどう;cafeteria, dining hall;n;5;Where is the cafeteria?;<ruby>食堂<rt>しょくどう</rt></ruby>はどこですか。;dining room, dining hall, cafeteria, canteen, messroom;n;restaurant, eatery, snack bar, diner;n;;;こども食堂;食堂車;簡易食堂
こども食堂;こどもしょくどう;volunteer-run cafeteria providing free or inexpensive meals to children and others in need;n;0;;;;;;;;;;;
食堂車;しょくどうしゃ;dining car;n;0;;;;;;;;;;;
簡易食堂;かんいしょくどう;cafeteria;n;0;;;;;;;;;;;
知る;しる;to know, to understand;v5r, vt;5;I don't care!;<ruby>知<rt>し</rt></ruby>るか！;to know, to be aware (of), to be conscious (of), to learn (of), to find out, to discover;v5r, vt;to sense, to feel, to notice, to realize;v5r, vt;to understand, to comprehend, to grasp, to appreciate;v5r, vt;知る由もない;知る限り;知る辺
知る由もない;しるよしもない;to have no way of knowing;exp, adj-i;0;;;;;;;;;;;
知る限り;しるかぎり;as far as I know;exp;0;;;;;;;;;;;
知る辺;しるべ;acquaintance;n;0;;;;;;;;;;;
白;しろ;white;n, adj-no;5;Spit it out!;<ruby>白状<rt>はくじょう</rt></ruby>しろ！;white;n, adj-no;innocence, innocent person;n;blank space;n;白河夜船;白髭;白癜
白河夜船;しらかわよふね;being fast asleep (and totally unaware of what is going on around one);exp;0;;;;;;;;;;;
白髭;しろひげ;grey moustache;n;0;;;;;;;;;;;
白癜;しろなまず;vitiligo;n;0;;;;;;;;;;;
白い;しろい;white;adj-i;5;Interesting.;<ruby>面白<rt>おもしろ</rt></ruby>い。;white;adj-i;;;;;白い物;白い目で見る;白イタチ
白い物;しろいもの;something white;exp, n;0;;;;;;;;;;;
白い目で見る;しろいめでみる;to look coldly at;exp, v1;0;;;;;;;;;;;
白イタチ;しろいたち;ferret;n;0;;;;;;;;;;;
～人;～じん;counter for people;suf;5;Are you a morning person?;<ruby>朝型<rt>あさがた</rt></ruby><ruby>人間<rt>にんげん</rt></ruby>？;-ian (e.g. Italian), -ite (e.g. Tokyoite);suf;-er (e.g. performer, etc.), person working with ...;suf;man, person, people;suf;人間到る処青山あり;人ごみ;人雪崩
人間到る処青山あり;にんげんいたるところせいざんあり;home is wherever one lays one's hat;exp;0;;;;;;;;;;;
人ごみ;ひとごみ;crowd of people;n;0;;;;;;;;;;;
人雪崩;ひとなだれ;surging crowd;n;0;;;;;;;;;;;
新聞;しんぶん;newspaper;n;5;Where's the newspaper?;<ruby>新聞<rt>しんぶん</rt></ruby>どこ？;newspaper;n;;;;;新聞紙;新聞社;新聞記事
新聞紙;しんぶんし;newsprint;n;0;;;;;;;;;;;
新聞社;しんぶんしゃ;newspaper company;n;0;;;;;;;;;;;
新聞記事;しんぶんきじ;newspaper story (article, account);n;0;;;;;;;;;;;
水曜日;すいようび;Wednesday;n, adv;5;Today is Wednesday.;<ruby>今日<rt>こんにち</rt></ruby>は<ruby>水曜日<rt>すいようび</rt></ruby>です。;Wednesday;n, adv;;;;;灰の水曜日;;
灰の水曜日;はいのすいようび;Ash Wednesday;n;0;;;;;;;;;;;
吸う;すう;to breathe in, to suck;v5u, vt;5;Don't smoke so much.;そんなに<ruby>吸<rt>す</rt></ruby>うな。;to breathe in, to inhale, to smoke (a cigarette, etc.);v5u, vt;to suck, to sip, to slurp;v5u, vt;to absorb, to soak up;v5u, vt;タバコを吸う;うまい汁を吸う;甘い汁を吸う
タバコを吸う;タバコをすう;to smoke a cigarette;exp, v5u;0;;;;;;;;;;;
うまい汁を吸う;うまいしるをすう;to be onto a good thing;exp, v5u;0;;;;;;;;;;;
甘い汁を吸う;あまいしるをすう;to be onto a good thing;exp, v5u;0;;;;;;;;;;;
スカート;スカート;skirt;n;5;Your skirt is too short.;<ruby>スカート<rt>すかーと</rt></ruby><ruby>短<rt>みじか</rt></ruby>すぎよ。;skirt;n;;;;;スカートスーツ;スカート内盗撮;スカート盗撮
スカートスーツ;スカートスーツ;skirt suit;n;0;;;;;;;;;;;
スカート内盗撮;スカートないとうさつ;upskirting;n;0;;;;;;;;;;;
スカート盗撮;スカートとうさつ;upskirting;n;0;;;;;;;;;;;
好き;すき;liking, fondness, love;adj-na, n;5;Do you like it?;これ<ruby>好<rt>す</rt></ruby>き？;liking, being fond of, to one's liking, to one's taste, preferred, favourite;adj-na, n;liking (romantically), being in love with, beloved;adj-na, n;faddism, eccentricity;n, adj-na;蓼食う虫も好き好き;嫌よ嫌よも好きのうち;好き嫌い
蓼食う虫も好き好き;たでくうむしもすきずき;some prefer nettles;exp;0;;;;;;;;;;;
嫌よ嫌よも好きのうち;いやよいやよもすきのうち;saying no is also an expression of fondness;exp;0;;;;;;;;;;;
好き嫌い;すききらい;likes and dislikes;n;0;;;;;;;;;;;
～すぎ;～すぎ;past, to exceed, ~ too much;n, n-suf;5;Is it too much?;<ruby>多<rt>おお</rt></ruby>すぎる？;past, after;n, n-suf;too (much), over- (e.g. eating);n, n-suf;;;昼過ぎ;酷すぎる;薬が効きすぎる
昼過ぎ;ひるすぎ;just past noon;n, adv;0;;;;;;;;;;;
酷すぎる;ひどすぎる;egregious;adj-pn;0;;;;;;;;;;;
薬が効きすぎる;くすりがききすぎる;to work too well (of a punishment, reprimand, etc.);exp, v1;0;;;;;;;;;;;
少ない;すくない;a little, a few;adj-i;5;I don't have many friends.;<ruby>僕<rt>ぼく</rt></ruby>は<ruby>友達<rt>ともだち</rt></ruby>が<ruby>少<rt>すく</rt></ruby>ない。;few, little, small (amount), low, scarce, insufficient, seldom, rare;adj-i;;;;;残り少ない;慌てる乞食はもらいが少ない;数少ない
残り少ない;のこりすくない;having little left;adj-i;0;;;;;;;;;;;
慌てる乞食はもらいが少ない;あわてるこじきはもらいがすくない;slow and steady wins the race;exp, adj-i;0;;;;;;;;;;;
数少ない;かずすくない;few in number;adj-i;0;;;;;;;;;;;
すぐに;すぐに;immediately, soon;adv;5;You start sweating after nothing.;すぐに<ruby>汗<rt>あせ</rt></ruby>ばむ。;immediately, right away, at once, instantly;adv;;;;;今すぐにでも;;
今すぐにでも;いますぐにでも;any moment now;exp;0;;;;;;;;;;;
少し;すこし;little, few;adv;5;;;a little, a bit, a small amount, a few, some, slightly, somewhat;adv;a little while, a short time, a moment, a minute;adv;a little way, a short distance;adv;少しずつ;少し間をおいて;少しでも早く
少しずつ;すこしずつ;little by little;adv;0;;;;;;;;;;;
少し間をおいて;すこしあいだをおいて;after a while;exp;0;;;;;;;;;;;
少しでも早く;すこしでもはやく;as soon as possible;exp;0;;;;;;;;;;;
涼しい;すずしい;cool, refreshing (in reference to weather);adj-i;5;Autumn is cool.;<ruby>秋<rt>あき</rt></ruby>は<ruby>涼<rt>すず</rt></ruby>しいです。;cool, refreshing;adj-i;clear (e.g. eyes), bright;adj-i;clear, distinct;adj-i;涼しい顔;;
涼しい顔;すずしいかお;nonchalant air;exp, n;0;;;;;;;;;;;
～ずつ;～ずつ;at a time;suf;5;I was hurt.;<ruby>傷<rt>きず</rt></ruby>ついた。;apiece, each;suf;at a time, piecemeal;suf;;;少しずつ;少しずつ違う;一つずつ
少しずつ;すこしずつ;little by little;adv;0;;;;;;;;;;;
少しずつ違う;すこしずつちがう;to differ a little (esp. of two or several versions);exp, v5u;0;;;;;;;;;;;
一つずつ;ひとつずつ;one by one;adv, adj-no;0;;;;;;;;;;;
ストーブ;ストーブ;heater (lit: stove);n;5;Did you turn the stove off?;<ruby>ストーブ<rt>すとーぶ</rt></ruby><ruby>切<rt>き</rt></ruby>った？;(room) heater, stove;n;;;;;ストーブリーグ;電気ストーブ;ガスストーブ
ストーブリーグ;ストーブリーグ;(hot) stove league;n;0;;;;;;;;;;;
電気ストーブ;でんきストーブ;electric heater;n;0;;;;;;;;;;;
ガスストーブ;ガスストーブ;gas heater;n;0;;;;;;;;;;;
スプーン;スプーン;spoon;n;5;There is a spoon missing.;<ruby>スプーン<rt>すぷーん</rt></ruby>がありません。;spoon;n;spoon lure;n;;;スプーンレース;スプーン曲げ;スプーンフィーディング
スプーンレース;スプーンレース;spoon race (i.e. egg and spoon race);n;0;;;;;;;;;;;
スプーン曲げ;スプーンまげ;spoon bending;n;0;;;;;;;;;;;
スプーンフィーディング;スプーンフィーディング;spoon-feeding;n;0;;;;;;;;;;;
スポーツ;スポーツ;sport(s);n;5;Do you like sports?;<ruby>スポーツ<rt>すぽーつ</rt></ruby>は<ruby>好<rt>す</rt></ruby>き？;sport, sports;n;;;;;スポーツカー;スポーツイベント;スポーツウェア
スポーツカー;スポーツカー;sports car;n;0;;;;;;;;;;;
スポーツイベント;スポーツイベント;sports event;n;0;;;;;;;;;;;
スポーツウェア;スポーツウェア;sportswear;n;0;;;;;;;;;;;
ズボン;ズボン;trousers;n;5;Where are my trousers?;<ruby>僕<rt>ぼく</rt></ruby>の<ruby>ズボン<rt>ずぼん</rt></ruby>はどこ？;trousers, pants;n;;;;;ズボンプレッサー;ズボン吊り;ズボン下
ズボンプレッサー;ズボンプレッサー;trouser press;n;0;;;;;;;;;;;
ズボン吊り;ズボンつり;suspenders;n;0;;;;;;;;;;;
ズボン下;ズボンした;long johns;n;0;;;;;;;;;;;
住む;すむ;to reside, to live in;v5m, vi;5;The devil lurks behind the cross.;<ruby>寺<rt>てら</rt></ruby>の<ruby>隣<rt>となり</rt></ruby>に<ruby>鬼<rt>おに</rt></ruby>が<ruby>住<rt>す</rt></ruby>む。;to live (of humans), to reside, to inhabit, to dwell, to abide;v5m, vi;;;;;移り住む;隠れ住む;
移り住む;うつりすむ;to move (to another area, country, etc.);v5m, vi;0;;;;;;;;;;;
隠れ住む;かくれすむ;to live in hiding;v5m;0;;;;;;;;;;;
する;する;to do, to try, to wear small items (e.g., necktie, watch, etc.);vs-i;5;Don't do it!;するな！;to do, to carry out, to perform;vs-i;to cause to become, to make (into), to turn (into);vs-i;to serve as, to act as, to work as;vs-i;子供は３歳までに一生分の親孝行をする;小馬鹿にする;我が物にする
子供は３歳までに一生分の親孝行をする;こどもはさんさいまでにいっしょうぶんのおやこうこうをする;children pay back their debt to their parents in full by age 3 (through their cuteness);exp;0;;;;;;;;;;;
小馬鹿にする;こばかにする;to look down on (someone);exp, vs-i;0;;;;;;;;;;;
我が物にする;わがものにする;to make something one's own;exp, vs-i;0;;;;;;;;;;;
座る;すわる;to sit;v5r, vi;5;Is there any room for me?;<ruby>私<rt>わたし</rt></ruby>の<ruby>座<rt>すわ</rt></ruby>る<ruby>場所<rt>ばしょ</rt></ruby>ある？;to sit (down), to have a seat, to be seated, to kneel (on the floor);v5r, vi;to assume (a position), to take on (a duty), to occupy (a post);v5r, vi;;;御座る;で御座る;居座る
御座る;ござる;to be;v5r, vi;0;;;;;;;;;;;
で御座る;でござる;be;exp, v5r, cop;0;;;;;;;;;;;
居座る;いすわる;to remain;v5r, vi;0;;;;;;;;;;;
背;せい;(one's) height, stature;n;5;He's looking good.;<ruby>鯔<rt>ぼら</rt></ruby><ruby>背<rt>せ</rt></ruby>だね。;height, stature;n;;;;;背に腹は変えられない;背に腹は替えられぬ;背伸び
背に腹は変えられない;せにはらはかえられない;you can't make an omelet without breaking eggs;exp, adj-i;0;;;;;;;;;;;
背に腹は替えられぬ;せにはらはかえられぬ;you can't make an omelet without breaking eggs;exp;0;;;;;;;;;;;
背伸び;せのび;standing on tiptoe and stretching one's back to make oneself taller;n, vs, vi;0;;;;;;;;;;;
生徒;せいと;student, pupil;n;5;Tom is a student.;<ruby>トム<rt>とむ</rt></ruby>は<ruby>生徒<rt>せいと</rt></ruby>です。;pupil, student, schoolchild;n;;;;;生徒会;生徒数;生徒指導
生徒会;せいとかい;student council;n;0;;;;;;;;;;;
生徒数;せいとすう;number of pupils;n;0;;;;;;;;;;;
生徒指導;せいとしどう;student guidance;n;0;;;;;;;;;;;
セーター;セーター;sweater;n;5;Your sweater is on backwards.;<ruby>セーター<rt>せーたー</rt></ruby><ruby>後<rt>うし</rt></ruby>ろ<ruby>前<rt>まえ</rt></ruby>だよ。;sweater, jumper;n;;;;;フィッシャーマンズセーター;バルキーセーター;サマーセーター
フィッシャーマンズセーター;フィッシャーマンズセーター;fisherman's sweater;n;0;;;;;;;;;;;
バルキーセーター;バルキーセーター;bulky sweater;n;0;;;;;;;;;;;
サマーセーター;サマーセーター;summer sweater;n;0;;;;;;;;;;;
石鹸;せっけん;soap;n;5;Give me the soap.;<ruby>石鹸<rt>せっけん</rt></ruby>、<ruby>取<rt>と</rt></ruby>って。;soap;n;;;;;石鹸水;石鹸入れ;石鹸置き
石鹸水;せっけんすい;soapy water;n;0;;;;;;;;;;;
石鹸入れ;せっけんいれ;soap dish or box;n;0;;;;;;;;;;;
石鹸置き;せっけんおき;soap dish or box;n;0;;;;;;;;;;;
背広;せびろ;men's suit;n;5;I bought a new suit of clothes.;<ruby>私<rt>わたし</rt></ruby>は<ruby>新<rt>あたら</rt></ruby>しい<ruby>背広<rt>せびろ</rt></ruby>を<ruby>買<rt>か</rt></ruby>った。;business suit;n;;;;;背広組;;
背広組;せびろぐみ;civil servants;n;0;;;;;;;;;;;
狭い;せまい;narrow, not spacious;adj-i;5;It's a small room, isn't it?;<ruby>狭<rt>せま</rt></ruby>い<ruby>部屋<rt>へや</rt></ruby>でしょ？;narrow, confined, small, cramped;adj-i;limited, narrow-minded, confining;adj-i;;;世間は広いようで狭い;肩身が狭い;視野の狭い
世間は広いようで狭い;せけんはひろいようでせまい;though it seems big, it's a small world;exp, adj-i;0;;;;;;;;;;;
肩身が狭い;かたみがせまい;feeling ashamed;exp, adj-i;0;;;;;;;;;;;
視野の狭い;しやのせまい;shortsighted;exp, adj-i;0;;;;;;;;;;;
ゼロ;ゼロ;zero;n;5;You have no sense of rhythm.;<ruby>リズム<rt>りずむ</rt></ruby><ruby>感<rt>かん</rt></ruby><ruby>ゼロ<rt>ぜろ</rt></ruby>ね。;zero, 0, nought, nil;n;nothing, zilch;n;;;０歳;ゼロゼロセブン;ゼロエミッション
０歳;ゼロさい;under 1 year old (of a baby);n;0;;;;;;;;;;;
ゼロゼロセブン;ゼロゼロセブン;007 (James Bond's code in the books and films);n;0;;;;;;;;;;;
ゼロエミッション;ゼロエミッション;zero-emission;n, adj-f;0;;;;;;;;;;;
千;せん;thousand;num;5;Is one thousand yen enough?;<ruby>千円<rt>せんえん</rt></ruby>で<ruby>足<rt>た</rt></ruby>りる？;thousand, 1,000;num;;;;;千秋楽;千成瓢箪;千成り
千秋楽;せんしゅうらく;final day of a performance;n;0;;;;;;;;;;;
千成瓢箪;せんなりびょうたん;bottle gourd;n;0;;;;;;;;;;;
千成り;せんなり;great collection (of things);n;0;;;;;;;;;;;
先月;せんげつ;last month;n, adv;5;The meeting was last month.;<ruby>会合<rt>かいごう</rt></ruby>は<ruby>先月<rt>せんげつ</rt></ruby>あった。;last month;n, adv;;;;;先々月;;
先々月;せんせんげつ;month before last;n, adv;0;;;;;;;;;;;
先週;せんしゅう;last week;n, adv;5;It was last week.;<ruby>先週<rt>せんしゅう</rt></ruby>でした。;last week, the week before;n, adv;;;;;先週の今日;先々週;
先週の今日;せんしゅうのきょう;this day last week;n;0;;;;;;;;;;;
先々週;せんせんしゅう;week before last;n, adv;0;;;;;;;;;;;
先生;せんせい;teacher, professor, master, doctor;n;5;Are you a teacher?;<ruby>先生<rt>せんせい</rt></ruby>なの？;teacher, instructor, master;n;sensei, title or form of address for a teacher, master, doctor, lawyer, etc.;n, n-suf;intimate or teasing form of address;n;先生と言われるほどの馬鹿でなし;先生方;先生に就く
先生と言われるほどの馬鹿でなし;せんせいといわれるほどのばかでなし;I don't fall for flattery;exp;0;;;;;;;;;;;
先生方;せんせいがた;doctors;n;0;;;;;;;;;;;
先生に就く;せんせいにつく;to study under a teacher;exp, v5k;0;;;;;;;;;;;
洗濯;せんたく;washing, laundry;n, vs, vt;5;Tom is doing the laundry.;<ruby>トム<rt>とむ</rt></ruby>は<ruby>洗濯中<rt>せんたくちゅう</rt></ruby>だ。;washing, laundry;n, vs, vt;relaxation, rejuvenation, melting away (of worries, fatigue, etc.);n;;;洗濯カゴ;洗濯石鹸;洗濯物
洗濯カゴ;せんたくかご;laundry basket;n;0;;;;;;;;;;;
洗濯石鹸;せんたくせっけん;laundry soap;n;0;;;;;;;;;;;
洗濯物;せんたくもの;laundry;n;0;;;;;;;;;;;
全部;ぜんぶ;all, entire, whole;n, adj-no, adv;5;Is that all?;それで<ruby>全部<rt>ぜんぶ</rt></ruby>？;all, entire, whole, altogether;n, adj-no, adv;;;;;全部保険;全部床義歯;国家安全部
全部保険;ぜんぶほけん;full insurance;n;0;;;;;;;;;;;
全部床義歯;ぜんぶしょうぎし;complete denture;n;0;;;;;;;;;;;
国家安全部;こっかあんぜんぶ;Ministry of State Security (China);n;0;;;;;;;;;;;
そう, そうです;そう, そうです;yes, appears, to be the case;aux, adj-na;5;It is premature to put the plan into practice now.;<ruby>今<rt>いま</rt></ruby>その<ruby>計画<rt>けいかく</rt></ruby>を<ruby>実施<rt>じっし</rt></ruby>するのは、<ruby>時期尚早<rt>じきしょうそう</rt></ruby>である。;appearing that, seeming that, looking like, having the appearance of;aux, adj-na;;;;;そうは問屋が卸さない;そういう事か;そうはイカの金玉
そうは問屋が卸さない;そうはとんやがおろさない;things don't work that well in the real world;exp;0;;;;;;;;;;;
そういう事か;そういうことか;I got it;exp;0;;;;;;;;;;;
そうはイカの金玉;そうはいかのきんたま;you wish!;exp;0;;;;;;;;;;;
掃除;そうじ (する);cleaning, sweeping;n, vs, vt;5;It's time for spring cleaning!;<ruby>大掃除<rt>おおそうじ</rt></ruby>の<ruby>時間<rt>じかん</rt></ruby>だよ！;cleaning, sweeping, dusting, scrubbing;n, vs, vt;;;;;掃除機;掃除機をかける;拭き掃除
掃除機;そうじき;vacuum cleaner;n;0;;;;;;;;;;;
掃除機をかける;そうじきをかける;to vacuum;exp, v1;0;;;;;;;;;;;
拭き掃除;ふきそうじ;cleaning;n, vs, vt, vi;0;;;;;;;;;;;
そうして, そして;そうして, そして;and, like that;conj;5;It is kind of you to do so.;そうしてくれて<ruby>君<rt>くん</rt></ruby>は<ruby>親切<rt>しんせつ</rt></ruby>ですね。;and, and then, thus, and now, and finally;conj;;;;;そうして見ると;そして誰もいなくなった;そして父になる
そうして見ると;そうしてみると;when looked at in that way;exp;0;;;;;;;;;;;
そして誰もいなくなった;そしてだれもいなくなった;And Then There Were None (1938 novel by Agatha Christie);n;0;;;;;;;;;;;
そして父になる;そしてちちになる;Like Father, Like Son (2013 film);n;0;;;;;;;;;;;
そこ;そこ;that place, there, bottom, sole;pn;5;Is it warm there?;そこ<ruby>暖<rt>あたた</rt></ruby>かい？;there (place relatively near listener);pn;there (place just mentioned), that place;pn;then (of some incident just spoken of), that (of point just raised);pn;そこら辺;其処まで;そこへ持ってきて
そこら辺;そこらへん;hereabouts;n, adv;0;;;;;;;;;;;
其処まで;そこまで;that far;exp;0;;;;;;;;;;;
そこへ持ってきて;そこへもってきて;what is worse;exp;0;;;;;;;;;;;
そちら;そちら;over there;pn;5;How about your place?;そちらはどうですか？;that way, that direction;pn;there;pn;that (one);pn;そちら様;;
そちら様;そちらさま;you;pn;0;;;;;;;;;;;
そっち;そっち;over there;pn;5;What time is it there?;そっちは<ruby>今<rt>いま</rt></ruby><ruby>何時<rt>なんじ</rt></ruby>？;that way, that direction;pn;there;pn;that (one);pn;そっち退け;そっち系;
そっち退け;そっちのけ;neglecting;n;0;;;;;;;;;;;
そっち系;そっちけい;person with differing ideology, attitudes, etc. to one's own;n;0;;;;;;;;;;;
外;そと;outside, exterior;n;5;Look outside!;<ruby>外見<rt>がいけん</rt></ruby>て！;outside, exterior;n;the open (air);n;other place, somewhere else, outside one's group (family, company, etc.);n;外堀;外郭;外付け
外堀;そとぼり;outer moat (of a castle);n;0;;;;;;;;;;;
外郭;がいかく;outer fence;n;0;;;;;;;;;;;
外付け;そとづけ;external (hard drive, disk drive, etc.);adj-no, n, vs;0;;;;;;;;;;;
その;その;that;adj-pn;5;What does that mean?;その<ruby>心<rt>こころ</rt></ruby>は？;that, the;adj-pn;"part (as in ""part two"")";adj-pn;um ..., er ..., uh ...;int;その他もろもろ;その他いろいろ;その他
その他もろもろ;そのたもろもろ;and various other things;exp, adj-no;0;;;;;;;;;;;
その他いろいろ;そのほかいろいろ;and various other things;exp, adj-na;0;;;;;;;;;;;
その他;そのほか;the rest;exp, n, adj-no;0;;;;;;;;;;;
そば;そば;near, close, beside, Japanese traditional buckwheat noodle;n;5;Would you play with me?;<ruby>一緒<rt>いっしょ</rt></ruby>に<ruby>遊<rt>あそ</rt></ruby>ばない？;buckwheat (Fagopyrum esculentum);n;soba, Japanese buckwheat noodles;n;Chinese-style wheat noodles;n;そば切り;引越しそば;蕎麦屋
そば切り;そばきり;soba;n;0;;;;;;;;;;;
引越しそば;ひっこしそば;soba given to one's new neighbors after moving in;n;0;;;;;;;;;;;
蕎麦屋;そばや;soba restaurant;n;0;;;;;;;;;;;
空;そら;sky;n;5;The can is empty.;<ruby>缶<rt>かん</rt></ruby>は<ruby>空<rt>そら</rt></ruby>よ。;sky, the air, the heavens;n;weather;n;far-off place, distant place;n;空き家;空き瓶;空焚き
空き家;あきや;vacant house;n;0;;;;;;;;;;;
空き瓶;あきびん;empty bottle;n;0;;;;;;;;;;;
空焚き;からだき;heating a vessel without water in it;n, vs, vt;0;;;;;;;;;;;
それ;それ;that one;pn;5;What is it?;それ<ruby>何<rt>なに</rt></ruby>？;that, it;pn;then, that point (in time), that time;pn;there;pn;それにも関わらず;それ弾;それ御覧
それにも関わらず;それにもかかわらず;nonetheless;conj;0;;;;;;;;;;;
それ弾;それだま;stray bullet;n;0;;;;;;;;;;;
それ御覧;それごらん;well, look at that;exp;0;;;;;;;;;;;
それから;それから;and then, after that;exp;5;Then she hurried home.;それから<ruby>家<rt>いえ</rt></ruby>に<ruby>急<rt>いそ</rt></ruby>いだ。;and then, after that;exp;;;;;それからというもの;;
それからというもの;それからというもの;after that (a substantive change occurred);exp;0;;;;;;;;;;;
それでは;それでは;in that situation, well then...;conj;5;That's against the contract.;それでは<ruby>契約<rt>けいやく</rt></ruby>と<ruby>違<rt>ちが</rt></ruby>う。;well, ..., right, ..., now, ...;conj;so, then;conj;that way (would mean ...), if that is the case, in that case;exp;;;
～台;～だい;counter for vehicles, machines;n, n-suf;5;Where's the kitchen?;<ruby>台所<rt>だいどころ</rt></ruby>はどこ？;stand, rest, base, pedestal, platform, table, holder, support, rack;n, n-suf;setting (of a gem), mounting;n;stock (in grafting);n;台無し;台湾;台詞回し
台無し;だいなし;spoiled;adj-na, n;0;;;;;;;;;;;
台湾;たいわん;Taiwan;n;0;;;;;;;;;;;
台詞回し;せりふまわし;theatrical elocution;n;0;;;;;;;;;;;
大学;だいがく;college, university;n;5;You're a college student, aren't you?;<ruby>大学生<rt>だいがくせい</rt></ruby>だよね？;university, college;n;former imperial university of Japan (established under the ritsuryō system for the training of government administrators);n;the Great Learning (one of the Four Books);n;大学芋;大学院;大学生
大学芋;だいがくいも;candied sweet potato;n;0;;;;;;;;;;;
大学院;だいがくいん;graduate school;n;0;;;;;;;;;;;
大学生;だいがくせい;university student;n;0;;;;;;;;;;;
大使館;たいしかん;embassy;n;5;I'm going to the embassy tomorrow.;<ruby>私<rt>わたし</rt></ruby>は<ruby>明日<rt>あした</rt></ruby><ruby>大使館<rt>たいしかん</rt></ruby>へ<ruby>行<rt>い</rt></ruby>きます。;embassy;n;;;;;大使館付き武官;在日大使館;日本大使館
大使館付き武官;たいしかんづきぶかん;military officer attached to embassy;n;0;;;;;;;;;;;
在日大使館;ざいにちたいしかん;(foreign) embassy in Japan;n;0;;;;;;;;;;;
日本大使館;にほんたいしかん;Embassy of Japan;n;0;;;;;;;;;;;
大丈夫;だいじょうぶ;It's ok (all right), No need to worry, Everything is under control;adj-na;5;;;safe, secure, sound, problem-free, without fear, all right, alright, OK, okay;adj-na;certainly, surely, undoubtedly;adv;no thanks, I'm good, that's alright;int, adj-na;;;
大好き;だいすき;very like-able, like very much;adj-na;5;I love you.;<ruby>大好<rt>だいす</rt></ruby>き。;liking very much, loving (something or someone), adoring, being very fond of;adj-na;;;;;大好きになる;;
大好きになる;だいすきになる;to come to like a lot;exp, v5r;0;;;;;;;;;;;
大切;たいせつ;important;adj-na;5;Language is important.;<ruby>言葉<rt>ことば</rt></ruby>は<ruby>大切<rt>たいせつ</rt></ruby>ね。;important, significant, serious, crucial;adj-na;precious, valuable, dear, cherished, beloved;adj-na;careful;adj-na;大切に;大切にする;大切な人
大切に;たいせつに;carefully;adv;0;;;;;;;;;;;
大切にする;たいせつにする;to cherish;exp, vs-i;0;;;;;;;;;;;
大切な人;たいせつなひと;special someone;exp, n;0;;;;;;;;;;;
台所;だいどころ;kitchen;n;5;Where's the kitchen?;<ruby>台所<rt>だいどころ</rt></ruby>はどこ？;kitchen;n;financial situation, finances;n;;;台所道具;台所用品;台所事情
台所道具;だいどころどうぐ;kitchen utensils;n;0;;;;;;;;;;;
台所用品;だいどころようひん;kitchenware;n;0;;;;;;;;;;;
台所事情;だいどころじじょう;financial situation;n;0;;;;;;;;;;;
大変;たいへん;very, difficult, hard;adv;5;Ah! This is bad!;わぁ！<ruby>大変<rt>たいへん</rt></ruby>だ！;very, greatly, terribly, awfully;adv;immense, enormous, great;adj-na, n;serious, grave, dreadful, terrible;adj-na, n;大変化;大変革;大変身
大変化;だいへんか;major change;n, vs;0;;;;;;;;;;;
大変革;だいへんかく;revolution;n;0;;;;;;;;;;;
大変身;だいへんしん;makeover;n, vs;0;;;;;;;;;;;
高い;たかい;tall, high, expensive;adj-i;5;Gold is expensive.;<ruby>金<rt>きん</rt></ruby>は<ruby>高<rt>たか</rt></ruby>い。;high, tall;adj-i;expensive, high-priced;adj-i;high (level), above average (in degree, quality, etc.);adj-i;タダより高いものはない;高い高い;甲高い
タダより高いものはない;ただよりたかいものはない;nothing costs as much as what is given to us;exp, adj-i;0;;;;;;;;;;;
高い高い;たかいたかい;lifting a child high up in the air;exp, n, vs;0;;;;;;;;;;;
甲高い;かんだかい;high-pitched;adj-i;0;;;;;;;;;;;
～だけ;～だけ;only ~, just ~, as ~;prt;5;Am I the only one?;<ruby>俺<rt>おれ</rt></ruby>だけ？;only, just, merely, simply, no more than, nothing but, alone;prt;as much as, to the extent of, enough to;prt;;;だけが能ではない;だけの事はある;できるだけ早く
だけが能ではない;だけがのうではない;it is not everything to ...;exp;0;;;;;;;;;;;
だけの事はある;だけのことはある;not ... for nothing;exp, v5r-i;0;;;;;;;;;;;
できるだけ早く;できるだけはやく;as soon as possible;exp;0;;;;;;;;;;;
沢山;たくさん;many, much;adj-no, adj-na, n, adv;5;Children are a poor man's riches.;<ruby>貧乏人<rt>びんぼうにん</rt></ruby>の<ruby>子<rt>こ</rt></ruby><ruby>沢山<rt>たくさん</rt></ruby>。;a lot, lots, plenty, many, a large number, much, a great deal, a good deal;adj-no, adj-na, n, adv;enough, sufficient;adj-no, adj-na, n, adv;enough, too many, too much;n-suf;盛りだくさん;律義者の子沢山;子沢山
盛りだくさん;もりだくさん;many;adj-na, adj-no, n;0;;;;;;;;;;;
律義者の子沢山;りちぎもののこだくさん;the morally righteous are blessed with many children;exp;0;;;;;;;;;;;
子沢山;こだくさん;having many children;n, adj-no, adj-na;0;;;;;;;;;;;
タクシー;タクシー;taxi;n;5;Do you have money for a taxi?;<ruby>タクシー<rt>たくしー</rt></ruby><ruby>代<rt>だい</rt></ruby>あるの？;taxi;n;;;;;タクシー乗り場;タキシング;タクシー代
タクシー乗り場;タクシーのりば;taxi rank;n;0;;;;;;;;;;;
タキシング;タキシング;taxiing (of an aircraft);n, vs;0;;;;;;;;;;;
タクシー代;タクシーだい;taxi fare;n;0;;;;;;;;;;;
出す;だす;to take (something) out, to hand in (something);v5s, vt;5;Don't throw in the towel.;<ruby>投げ出<rt>なげだ</rt></ruby>すな。;to take out, to get out;v5s, vt;to put out, to reveal, to show;v5s, vt;to submit (e.g. thesis), to turn in;v5s, vt;生み出す;抜け出す;駆り出す
生み出す;うみだす;to create;v5s, vt;0;;;;;;;;;;;
抜け出す;ぬけだす;to slip out;v5s, vi;0;;;;;;;;;;;
駆り出す;かりだす;to hunt out;v5s, vt;0;;;;;;;;;;;
～たち;～たち;plural suffix;n;5;Get up!;<ruby>立ち上<rt>たちあ</rt></ruby>がれ！;long sword (as opposed to the shorter katana);n;tachi, sabre-like sword worn on the hip with the blade facing down;n;;;立ち向かう;立ち上がる;立ち上げる
立ち向かう;たちむかう;to fight against;v5u, vi;0;;;;;;;;;;;
立ち上がる;たちあがる;to stand up;v5r, vi;0;;;;;;;;;;;
立ち上げる;たちあげる;to start (something);v1, vt;0;;;;;;;;;;;
立つ;たつ;to stand up;v5t, vi;5;This ought to help.;<ruby>役に立<rt>やくにた</rt></ruby>つはずだ。;to stand (up), to rise, to get to one's feet, to stand on end (e.g. of hairs), to stick up;v5t, vi;to stand (in a position, of a person, tree, building, etc.), to be situated (in, on);v5t, vi;to be (in difficulties, the lead, etc.), to put oneself (in a position or situation), to take up (a position, post, etc.), to position oneself;v5t, vi;立つ鳥跡を濁さず;降り立つ;立つ瀬がない
立つ鳥跡を濁さず;たつとりあとをにごさず;it is simply common courtesy to clean up after yourself;exp;0;;;;;;;;;;;
降り立つ;おりたつ;to go down and stand;v5t, vi;0;;;;;;;;;;;
立つ瀬がない;たつせがない;being left in an awkward position;exp, adj-i;0;;;;;;;;;;;
たて;たて;length, height;n;5;Can you stand up?;<ruby>立<rt>た</rt></ruby>てますか？;the vertical, height;n;front-to-back, length;n;north-to-south;n;駆り立てる;立て続け;楯突く
駆り立てる;かりたてる;to flush out (a hare, fox, etc.);v1, vt;0;;;;;;;;;;;
立て続け;たてつづけ;succession;n;0;;;;;;;;;;;
楯突く;たてつく;to defy;v5k, vi;0;;;;;;;;;;;
建物;たてもの;building;n;5;Look at that building.;あの<ruby>建物<rt>たてもの</rt></ruby>を<ruby>見<rt>み</rt></ruby>て。;building;n;;;;;建物面積;掘立柱建物;宅地建物取引主任者
建物面積;たてものめんせき;total floor area;n;0;;;;;;;;;;;
掘立柱建物;ほったてばしらたてもの;post in ground (construction);n;0;;;;;;;;;;;
宅地建物取引主任者;たくちたてものとりひきしゅにんしゃ;registered real-estate broker;n;0;;;;;;;;;;;
楽しい;たのしい;enjoyable, fun;adj-i;5;Enjoy your trip.;<ruby>楽<rt>たの</rt></ruby>しい<ruby>旅<rt>たび</rt></ruby>を。;enjoyable, fun, pleasant, happy, delightful;adj-i;;;;;楽しい思い出;;
楽しい思い出;たのしいおもいで;happy memory;exp, n;0;;;;;;;;;;;
頼む;たのむ;to request, to ask (a favor);v5m, vt;5;I'm begging you.;<ruby>頼<rt>たの</rt></ruby>むよー。;to request, to beg, to ask;v5m, vt;to call, to order, to reserve;v5m, vt;to entrust to;v5m, vt;頼むから;もみ手で頼む;杖とも柱とも頼む
頼むから;たのむから;please!;exp;0;;;;;;;;;;;
もみ手で頼む;もみででたのむ;to supplicate;exp, v5m;0;;;;;;;;;;;
杖とも柱とも頼む;つえともはしらともたのむ;to count on someone as the only support;exp, v5m;0;;;;;;;;;;;
たばこ;たばこ;tobacco, cigarettes;n;5;Why don't you give up smoking?;たばこ<ruby>止<rt>と</rt></ruby>めたら？;tobacco, cigarette, cigar;n;tobacco plant (Nicotiana tabacum);n;;;タバコ屋;煙草入れ;煙草盆
タバコ屋;タバコや;tobacco shop;n;0;;;;;;;;;;;
煙草入れ;タバコいれ;tobacco pouch;n;0;;;;;;;;;;;
煙草盆;タバコぼん;tobacco tray;n;0;;;;;;;;;;;
多分;たぶん;perhaps, probably, maybe;adv;5;Maybe that's right.;<ruby>多分<rt>たぶん</rt></ruby>そうだよ。;probably, likely, perhaps, maybe;adv;a lot of, much, many, considerable, large (amount), generous;adj-no, adj-na;;;ご多分に漏れず;多分に;ご多分
ご多分に漏れず;ごたぶんにもれず;as is usual with;exp;0;;;;;;;;;;;
多分に;たぶんに;in great amount;adv;0;;;;;;;;;;;
ご多分;ごたぶん;most cases;n;0;;;;;;;;;;;
食べ物;たべもの;food;n;5;Food!;<ruby>食べ物<rt>たべもの</rt></ruby>！;food;n;;;;;食べ物屋;;
食べ物屋;たべものや;eatery;n;0;;;;;;;;;;;
食べる;たべる;to eat;v1, vt;5;Do you want to eat?;<ruby>食<rt>た</rt></ruby>べる？;to eat;v1, vt;to live on (e.g. a salary), to live off, to subsist on;v1, vt;;;食べるラー油;ぼりぼり食べる;生で食べる
食べるラー油;たべるラーゆ;chili oil mixed with chopped garlic, onions, etc.;exp, n;0;;;;;;;;;;;
ぼりぼり食べる;ぼりぼりたべる;to eat with a munching or crunching sound;exp, v1;0;;;;;;;;;;;
生で食べる;なまでたべる;to eat raw (fresh);exp, v1;0;;;;;;;;;;;
卵;たまご;egg;n;5;Where are the eggs?;<ruby>卵<rt>たまご</rt></ruby>はどこ。;eggs, egg, spawn, roe;n;(hen's) egg;n;a ... in the making, future (lawyer, doctor, etc.), budding ...;n;卵かけご飯;卵とじ;卵巣がん
卵かけご飯;たまごかけごはん;rice topped with raw egg (often seasoned with soy sauce);n;0;;;;;;;;;;;
卵とじ;たまごとじ;soup or stew over which a beaten egg is poured before serving;n;0;;;;;;;;;;;
卵巣がん;らんそうがん;ovarian cancer;n;0;;;;;;;;;;;
誰;だれ;who;pn;5;Who's next?;<ruby>次<rt>つぎ</rt></ruby>は<ruby>誰<rt>だれ</rt></ruby>？;who;pn;;;;;誰それ;誰も彼も;誰彼かまわず
誰それ;だれそれ;a certain someone;pn;0;;;;;;;;;;;
誰も彼も;だれもかれも;everyone;n;0;;;;;;;;;;;
誰彼かまわず;だれかれかまわず;irrespective of the person concerned;exp, adv;0;;;;;;;;;;;
誰か;だれか;someone;pn;5;Is anybody here?;<ruby>誰<rt>だれ</rt></ruby>かいる？;someone, somebody;pn;;;;;誰彼;誰かさん;誰彼かまわず
誰彼;だれかれ;this or that person;pn;0;;;;;;;;;;;
誰かさん;だれかさん;a certain someone;n;0;;;;;;;;;;;
誰彼かまわず;だれかれかまわず;irrespective of the person concerned;exp, adv;0;;;;;;;;;;;
誕生日;たんじょうび;birthday;n;5;Whose birthday is it?;<ruby>誰<rt>だれ</rt></ruby>の<ruby>誕生日<rt>たんじょうび</rt></ruby>？;birthday;n;;;;;誕生日パーティー;誕生日おめでとうございます;誕生日会
誕生日パーティー;たんじょうびパーティー;birthday party;n;0;;;;;;;;;;;
誕生日おめでとうございます;たんじょうびおめでとうございます;Happy Birthday;exp;0;;;;;;;;;;;
誕生日会;たんじょうびかい;birthday party;n, vs;0;;;;;;;;;;;
段々;だんだん;gradually, by degrees;adv, adv-to;5;I am beginning to remember it.;<ruby>段々<rt>だんだん</rt></ruby><ruby>思い出<rt>おもいだ</rt></ruby>し<ruby>始<rt>はじ</rt></ruby>めてきた。;gradually, by degrees, little by little, more and more, increasingly;adv, adv-to;steps, stairs, staircase, terrace;n;;;段々畑;;
段々畑;だんだんばたけ;terraced fields;n;0;;;;;;;;;;;
小さい;ちいさい;small, little;adj-i;5;So small!;<ruby>小<rt>ちー</rt></ruby>さい！;small, little, tiny;adj-i;slight, below average (in degree, amount, etc.), minor, small;adj-i;low (e.g. sound), soft (e.g. voice);adj-i;小さい頃;ごく小さい;ケツの穴が小さい
小さい頃;ちいさいころ;as a child;exp, n;0;;;;;;;;;;;
ごく小さい;ごくちいさい;very small;exp, adj-i;0;;;;;;;;;;;
ケツの穴が小さい;けつのあながちいさい;small-minded;exp, adj-f;0;;;;;;;;;;;
小さな;ちいさな;small, little;adj-pn;5;It's a small room.;<ruby>小<rt>ちい</rt></ruby>さな<ruby>部屋<rt>へや</rt></ruby>ね。;small, little, tiny;adj-pn;;;;;小さな政府;一回り小さな;
小さな政府;ちいさなせいふ;small government;n;0;;;;;;;;;;;
一回り小さな;ひとまわりちいさな;a size smaller;adj-pn;0;;;;;;;;;;;
近い;ちかい;near, close by, short;adj-i;5;He must be nearly forty.;４０<ruby>近<rt>ちか</rt></ruby>いはずだ。;near, close, short (distance);adj-i;close (in time), soon;adj-i;close (relationship), friendly, intimate;adj-i;近いうちに;近い将来;程近い
近いうちに;ちかいうちに;soon;exp, adv;0;;;;;;;;;;;
近い将来;ちかいしょうらい;near future;exp, n, adj-no;0;;;;;;;;;;;
程近い;ほどちかい;near;adj-i;0;;;;;;;;;;;
違う;ちがう;to be different, to differ, wrong;v5u, vi;5;That's wrong.;<ruby>違<rt>ちが</rt></ruby>う。;to differ (from), to be different, to be distinct, to be unlike, to vary, to disagree (with);v5u, vi;to be wrong, to be incorrect, to be mistaken;v5u, vi;to become abnormal, to go wrong;v5u, vi;食い違う;掛け違う;桁が違う
食い違う;くいちがう;to not match well (e.g. at the seams);v5u, vi;0;;;;;;;;;;;
掛け違う;かけちがう;to put (up) in the wrong place;v5u, vt;0;;;;;;;;;;;
桁が違う;けたがちがう;to be on a (completely) different level;exp, v5u;0;;;;;;;;;;;
近く;ちかく;nearby, in the neighborhood;n, adj-no, adv;5;Are you nearby?;<ruby>近<rt>ちか</rt></ruby>くにいる？;near, neighbourhood, neighborhood, vicinity;n, adj-no, adv;"nearly (e.g. ""it took nearly one year""), close to";n-suf;shortly, soon;adv;側近く;遠くの親類より近くの他人;遠くの親戚より近くの他人
側近く;そばちかく;nearby;n;0;;;;;;;;;;;
遠くの親類より近くの他人;とおくのしんるいよりちかくのたにん;a neighbour is better than a relative living far;exp;0;;;;;;;;;;;
遠くの親戚より近くの他人;とおくのしんせきよりちかくのたにん;a neighbour is better than a relative living far;exp;0;;;;;;;;;;;
地下鉄;ちかてつ;underground train, subway;n;5;Let's take the subway.;<ruby>地下鉄<rt>ちかてつ</rt></ruby>に<ruby>乗<rt>の</rt></ruby>ろう。;subway, metro, underground (railway);n;;;;;地下鉄サリン事件;地下鉄道;市営地下鉄
地下鉄サリン事件;ちかてつサリンじけん;sarin gas attack on the Tokyo subway (March 20, 1995);n;0;;;;;;;;;;;
地下鉄道;ちかてつどう;subway;n;0;;;;;;;;;;;
市営地下鉄;しえいちかてつ;municipal subway;n;0;;;;;;;;;;;
地図;ちず;a map;n;5;I need a map.;<ruby>地図<rt>ちず</rt></ruby>が<ruby>要<rt>い</rt></ruby>ります。;map, atlas, chart, plan;n;;;;;地図作成;地図帳;地図学
地図作成;ちずさくせい;cartography;n;0;;;;;;;;;;;
地図帳;ちずちょう;atlas;n;0;;;;;;;;;;;
地図学;ちずがく;cartography;n;0;;;;;;;;;;;
父;ちち;(my) father;n;5;Our father is fifty years old.;<ruby>父<rt>ちち</rt></ruby>は50です。;father;n;;;;;おじ様;父なし子;父者人
おじ様;おじさま;uncle;n;0;;;;;;;;;;;
父なし子;ててなしご;child whose paternity is unknown;n;0;;;;;;;;;;;
父者人;ちちじゃひと;father;n;0;;;;;;;;;;;
茶色;ちゃいろ;brown;n, adj-no;5;What animal is brown?;<ruby>茶色<rt>ちゃいろ</rt></ruby>の<ruby>動物<rt>どうぶつ</rt></ruby>は？;brown, light brown, tawny;n, adj-no;;;;;こげ茶色;茶色い;茶色雀蜂
こげ茶色;こげちゃいろ;dark brown;n, adj-no;0;;;;;;;;;;;
茶色い;ちゃいろい;light brown;adj-i;0;;;;;;;;;;;
茶色雀蜂;ちゃいろすずめばち;brown hornet (Vespa dybowskii);n;0;;;;;;;;;;;
茶碗;ちゃわん;rice bowl;n;5;He chipped the edge of the tea cup.;<ruby>彼<rt>かれ</rt></ruby>は<ruby>茶碗<rt>ちゃわん</rt></ruby>のふちを<ruby>欠<rt>か</rt></ruby>いた。;rice bowl, tea cup, teacup;n;;;;;茶碗蒸し;湯飲み茶碗;夫婦茶碗
茶碗蒸し;ちゃわんむし;chawanmushi;n;0;;;;;;;;;;;
湯飲み茶碗;ゆのみぢゃわん;teacup;n;0;;;;;;;;;;;
夫婦茶碗;めおとぢゃわん;pair of teacups (or rice bowls) for a married couple (one large and one small);n;0;;;;;;;;;;;
～中;～ちゅう;during, while ~ing;n;5;Go inside.;<ruby>中<rt>なか</rt></ruby>へ。;medium (size), average (grade, level, etc.), middle;n;in, within, out of (e.g. ten people), among;suf;during, while, in (the course of), within (a period), throughout;suf;中継ぎ;中手;中ぐり盤
中継ぎ;なかつぎ;joining;n, vs;0;;;;;;;;;;;
中手;なかて;mid-season crops;n;0;;;;;;;;;;;
中ぐり盤;なかぐりばん;boring machine;n;0;;;;;;;;;;;
丁度;ちょうど;just, right, exactly;adv;5;Do these gloves fit you?;この<ruby>手袋<rt>てぶくろ</rt></ruby>、<ruby>丁度<rt>ちょうど</rt></ruby>いい？;exactly, precisely, just, right, opportunely, fortunately;adv;just (like), as if, as though;adv;;;ちょうど良い;ちょうど今;丁度可知差異
ちょうど良い;ちょうどいい;just right (time, size, length, etc.);exp, adj-ix;0;;;;;;;;;;;
ちょうど今;ちょうどいま;right now;exp, n, adv;0;;;;;;;;;;;
丁度可知差異;ちょうどかちさい;just-noticeable difference;n;0;;;;;;;;;;;
ちょっと;ちょっと;a little, somewhat, just a little, somewhat;adv;5;Err...;ちょっと…;a little, a bit, slightly;adv;just a minute, for a moment, briefly;adv;somewhat, rather, fairly, pretty, quite;adv;ちょっと一杯;ちょっと見;ちょっと難しい
ちょっと一杯;ちょっといっぱい;let's have a quick drink;exp;0;;;;;;;;;;;
ちょっと見;ちょっとみ;look;n, adv;0;;;;;;;;;;;
ちょっと難しい;ちょっとむずかしい;a little difficult;exp, adj-i;0;;;;;;;;;;;
一日;ついたち;one day, first day of the month;n;5;One more day to go.;あと<ruby>一日<rt>ついたち</rt></ruby>だ。;first day of the month, the first of the month;n;;;;;一日中;一日の長;一日一日
一日中;いちにちじゅう;all day long;adv, n;0;;;;;;;;;;;
一日の長;いちじつのちょう;slight superiority (in knowledge, experience, ability, etc.);exp, n;0;;;;;;;;;;;
一日一日;いちにちいちにち;gradually;adv, adv-to;0;;;;;;;;;;;
使う;つかう;to use;v5u, vt;5;Are you going to use this?;これ<ruby>使<rt>つか</rt></ruby>う？;to use (a tool, method, etc.), to make use of, to put to use;v5u, vt;to use (a person, animal, puppet, etc.), to employ, to handle, to manage, to manipulate;v5u, vt;to use (time, money, etc.), to spend, to consume;v5u, vt;こき使う;あごで使う;召し使う
こき使う;こきつかう;to work (someone) hard;v5u, vt;0;;;;;;;;;;;
あごで使う;あごでつかう;to set someone to work in an arrogant fashion;exp, v5u;0;;;;;;;;;;;
召し使う;めしつかう;to employ;v5u, vt;0;;;;;;;;;;;
疲れる;つかれる;to get (become) tired, to become fatigued;v1, vi;5;I feel more tired in the wintertime.;<ruby>冬<rt>ふゆ</rt></ruby>は<ruby>疲<rt>つか</rt></ruby>れる。;to get tired, to tire, to get fatigued, to become exhausted, to grow weary;v1, vi;to become worn out (of a well-used object);v1, vi;to starve;v1, vi;倦み疲れる;歩き疲れる;心が疲れる
倦み疲れる;うみつかれる;to grow weary;v1;0;;;;;;;;;;;
歩き疲れる;あるきつかれる;to be tired from walking;v1;0;;;;;;;;;;;
心が疲れる;しんがつかれる;to be mentally fatigued;exp, v1;0;;;;;;;;;;;
次;つぎ;next;n, adj-no;5;Who's next?;<ruby>次<rt>つぎ</rt></ruby>は<ruby>誰<rt>だれ</rt></ruby>？;next, following, subsequent;n, adj-no;stage, station;n, adj-no;;;次第次第に;次第次第;次々
次第次第に;しだいしだいに;gradually;adv;0;;;;;;;;;;;
次第次第;しだいしだい;gradually;adv;0;;;;;;;;;;;
次々;つぎつぎ;in succession;adv, adv-to, n;0;;;;;;;;;;;
着く;つく;to arrive at, to reach;v5k, vi;5;When do we arrive?;いつ<ruby>着<rt>つ</rt></ruby>くの？;to arrive at, to reach;v5k, vi;to sit on, to sit at (e.g. the table);v5k, vi;;;染み付く;たどり着く;追いつく
染み付く;しみつく;to be indelibly stained or ingrained;v5k, vi;0;;;;;;;;;;;
たどり着く;たどりつく;to (finally) arrive at;v5k, vi;0;;;;;;;;;;;
追いつく;おいつく;to catch up (with);v5k, vi;0;;;;;;;;;;;
机;つくえ;desk;n;5;This is a desk.;これは<ruby>机<rt>つくえ</rt></ruby>です。;desk;n;;;;;机上の空論;机に向かう;机上
机上の空論;きじょうのくうろん;armchair theory;exp, n;0;;;;;;;;;;;
机に向かう;つくえにむかう;to sit at a desk (to study);exp, v5u;0;;;;;;;;;;;
机上;きじょう;on the desk;n, adj-no;0;;;;;;;;;;;
作る;つくる;to make, to create;v5r, vt;5;I'll make dinner.;<ruby>夕飯<rt>ゆうはん</rt></ruby>、<ruby>作<rt>つく</rt></ruby>るね。;to make, to produce, to manufacture, to build, to construct;v5r, vt;to prepare (food), to brew (alcohol);v5r, vt;to raise, to grow, to cultivate, to train;v5r, vt;形作る;科を作る;力こぶを作る
形作る;かたちづくる;to form;v5r, vt;0;;;;;;;;;;;
科を作る;しなをつくる;to put on coquettish airs;exp, v5r;0;;;;;;;;;;;
力こぶを作る;ちからこぶをつくる;to flex one's biceps;exp, v5r;0;;;;;;;;;;;
つける;つける;to turn on (e.g., a light), to take;v1, vt;5;I keep a journal.;<ruby>日誌<rt>にっし</rt></ruby>をつける。;to soak (in), to steep, to dip, to dunk;v1, vt;to pickle, to preserve (in salt, vinegar, etc.);v1, vt;;;馬鹿につける薬はない;押さえつける;跡をつける
馬鹿につける薬はない;ばかにつけるくすりはない;a born fool is never cured;exp, adj-i;0;;;;;;;;;;;
押さえつける;おさえつける;to press down;v1, vt;0;;;;;;;;;;;
跡をつける;あとをつける;to tag along;exp, v1;0;;;;;;;;;;;
勤める;つとめる;to work (for);v1, vt;5;He works for a consulting firm.;<ruby>彼<rt>かれ</rt></ruby>は<ruby>コンサルティングファーム<rt>こんさるてぃんぐふぁーむ</rt></ruby>に<ruby>勤<rt>つと</rt></ruby>める。;to work (for), to be employed (at), to serve (in);v1, vt;to serve (as), to act (as), to fill (the position of), to play the role (of);v1, vt;to conduct a religious service;v1, vt;役を勤める;相勤める;
役を勤める;やくをつとめる;to act (as);exp, v1;0;;;;;;;;;;;
相勤める;あいつとめる;to work (for);v1, vt;0;;;;;;;;;;;
つまらない;つまらない;boring, dull, insignificant;adj-i;5;Are you bored?;つまらないの？;dull, uninteresting, boring, tedious;adj-i;insignificant, unimportant, trifling, trivial, worthless;adj-i;absurd, foolish, silly, stupid;adj-i;つまらない物ですが;;
つまらない物ですが;つまらないものですが;it's not much, but ...;exp;0;;;;;;;;;;;
冷たい;つめたい;cold (things, people);adj-i;5;Is the water cold?;<ruby>水<rt>みず</rt></ruby>は<ruby>冷<rt>つめ</rt></ruby>たい？;cold (to the touch), chilly, icy, freezing;adj-i;(emotionally) cold, coldhearted, unfeeling, indifferent, unfriendly, distant;adj-i;;;冷たい戦争;冷たい暗黒物質;
冷たい戦争;つめたいせんそう;cold war;exp, n;0;;;;;;;;;;;
冷たい暗黒物質;つめたいあんこくぶっしつ;cold dark matter;exp, n;0;;;;;;;;;;;
強い;つよい;strong, powerful;adj-i;5;Is it windy?;<ruby>風<rt>かぜ</rt></ruby>は<ruby>強<rt>つよ</rt></ruby>い？;strong, potent, competent, domineering, tough;adj-i;strong, brawny, powerful, healthy, rugged;adj-i;good (at), skilled, knowledgeable;adj-i;強いて言えば;強いところ;強いて言うなら
強いて言えば;しいていえば;if I had to say;exp;0;;;;;;;;;;;
強いところ;つよいところ;strong point;exp, n;0;;;;;;;;;;;
強いて言うなら;しいていうなら;if I had to say;exp;0;;;;;;;;;;;
手;て;hand;n;5;;;hand, arm;n;forepaw, foreleg;n;handle;n;手当たり次第;手提げバッグ;手がかり
手当たり次第;てあたりしだい;using anything one can lay one's hands on;adv, exp;0;;;;;;;;;;;
手提げバッグ;てさげバッグ;handbag;n;0;;;;;;;;;;;
手がかり;てがかり;clue;n;0;;;;;;;;;;;
テープ;テープ;tape;n;5;This tape sticks well.;この<ruby>テープ<rt>てーぷ</rt></ruby>はよく<ruby>付<rt>つ</rt></ruby>く。;tape;n;;;;;テープレコーダー;テープライブラリ;テープカット
テープレコーダー;テープレコーダー;tape recorder;n;0;;;;;;;;;;;
テープライブラリ;テープライブラリ;tape library;n;0;;;;;;;;;;;
テープカット;テープカット;ribbon cutting ceremony;n, vs, vi;0;;;;;;;;;;;
テープレコーダー;テープレコーダー;tape recorder;n;5;This tape recorder is not new.;この<ruby>テープレコーダー<rt>てーぷれこーだー</rt></ruby>は<ruby>新<rt>あたら</rt></ruby>しくない。;tape recorder;n;;;;;ビデオテープレコーダー;カセットテープレコーダー;
ビデオテープレコーダー;ビデオテープレコーダー;videotape recorder;n;0;;;;;;;;;;;
カセットテープレコーダー;カセットテープレコーダー;cassette tape recorder;n;0;;;;;;;;;;;
テーブル;テーブル;table;n;5;It's under the table.;<ruby>テーブル<rt>てーぶる</rt></ruby>の<ruby>下<rt>した</rt></ruby>よ。;table;n;;;;;テーブルチェア;テーブル掛け;テーブルさん座
テーブルチェア;テーブルチェア;child's seat which attaches to a table for eating;n;0;;;;;;;;;;;
テーブル掛け;テーブルかけ;table cloth;n;0;;;;;;;;;;;
テーブルさん座;テーブルさんざ;Mensa (constellation);n;0;;;;;;;;;;;
出かける;でかける;to go out, to depart;v1, vi;5;Are you going out?;<ruby>出<rt>で</rt></ruby>かけるの？;to go out (e.g. on an excursion or outing), to leave, to depart, to start, to set out;v1, vi;to be about to leave, to be just going out;v1, vi;;;見に出かける;;
見に出かける;みにでかける;to go to see (something);exp, v1;0;;;;;;;;;;;
手紙;てがみ;letter;n;5;Here's a letter for you.;はい、<ruby>手紙<rt>てがみ</rt></ruby>。;letter, note;n;;;;;偽手紙;手紙を宛てる;手紙を添える
偽手紙;にせてがみ;forged letter;n;0;;;;;;;;;;;
手紙を宛てる;てがみをあてる;to address (direct) a letter to a person;exp, v1;0;;;;;;;;;;;
手紙を添える;てがみをそえる;to attach a letter;exp, v1;0;;;;;;;;;;;
できる;できる;to be able to (to accomplish);v1, vi;5;You can do it.;できるよ！;to be able to do, to be possible, to be permitted (to do);v1, vi;to be good at, to do well, to be proficient (in), to be capable;v1, vi;to come into existence, to form, to appear, to come up (of a matter), to be born, to make (a friend), to get (a girlfriend, free time, etc.);v1, vi;耳にタコができる;できるだけ早く;できる限り
耳にタコができる;みみにたこができる;to be told or made to hear something so often that you (metaphorically) get calluses on your ears;exp, v1;0;;;;;;;;;;;
できるだけ早く;できるだけはやく;as soon as possible;exp;0;;;;;;;;;;;
できる限り;できるかぎり;as much as one can;exp, adv, adj-no, n;0;;;;;;;;;;;
出口;でぐち;an exit;n;5;Let's find the exit.;<ruby>出口<rt>でぐち</rt></ruby>を<ruby>探<rt>さが</rt></ruby>そう。;exit, way out;n;outlet, vent;n;;;出口調査;出口戦略;差し出口
出口調査;でぐちちょうさ;exit poll;n;0;;;;;;;;;;;
出口戦略;でぐちせんりゃく;exit strategy;n;0;;;;;;;;;;;
差し出口;さしでぐち;uncalled-for remark;n;0;;;;;;;;;;;
テスト;テスト;test;n, vs, vt;5;How was the test?;<ruby>テスト<rt>てすと</rt></ruby>の<ruby>感触<rt>かんしょく</rt></ruby>は？;test (of ability, knowledge, etc.), exam, examination, quiz;n, vs, vt;test (of performance, quality, etc.), trial;n, vs, vt;rehearsal;n;テストケース;テストキャンペーン;テストドライバー
テストケース;テストケース;test case;n;0;;;;;;;;;;;
テストキャンペーン;テストキャンペーン;test campaign;n;0;;;;;;;;;;;
テストドライバー;テストドライバー;test driver;n;0;;;;;;;;;;;
では;では;then, well, so;conj;5;;;then, well, so, well then;conj;bye then;int;at, in, by, with, using;exp;大したことではない;知ったことではない;訳ではない
大したことではない;たいしたことではない;trivial;exp, adj-i;0;;;;;;;;;;;
知ったことではない;しったことではない;that's got nothing to do with me;exp;0;;;;;;;;;;;
訳ではない;わけではない;it does not mean that ...;exp;0;;;;;;;;;;;
デパート;デパート;(abbr.) department store;n;5;I bought it at a department store.;<ruby>デパート<rt>でぱーと</rt></ruby>で<ruby>買<rt>か</rt></ruby>った。;department store;n;department;n;;;デパートメントストア;デパートメント;疑惑のデパート
デパートメントストア;デパートメントストア;department store;n;0;;;;;;;;;;;
デパートメント;デパートメント;department;n;0;;;;;;;;;;;
疑惑のデパート;ぎわくのデパート;person suspected of multiple wrongdoings;exp, n;0;;;;;;;;;;;
でも;でも;but, however;conj;5;Whatever it takes!;<ruby>何<rt>なに</rt></ruby>が<ruby>何<rt>なん</rt></ruby>でも！;but, however, though, nevertheless, still, yet, even so, also, as well;conj;even;prt;however, no matter how, even if, even though;prt;大きにお世話、お茶でも上がれ;碌でもない;他でもない
大きにお世話、お茶でも上がれ;おおきにおせわ、おちゃでもあがれ;mind your own business!;exp;0;;;;;;;;;;;
碌でもない;ろくでもない;good-for-nothing;exp, adj-i;0;;;;;;;;;;;
他でもない;ほかでもない;nothing but (this);exp, adj-i;0;;;;;;;;;;;
出る;でる;to appear, to leave;v1, vi;5;When are we leaving?;いつ<ruby>出<rt>で</rt></ruby>る？;to leave, to exit, to go out, to come out, to get out;v1, vi;to leave (on a journey), to depart, to start out, to set out;v1, vi;to move forward;v1, vi;出る杭は打たれる;湧き出る;出る所に出る
出る杭は打たれる;でるくいはうたれる;the nail that sticks out gets hammered down;exp, v1;0;;;;;;;;;;;
湧き出る;わきでる;to gush forth (e.g. water from a spring);v1, vi;0;;;;;;;;;;;
出る所に出る;でるところにでる;to go wherever one has to go (to get a matter settled, e.g. the court);exp, v1;0;;;;;;;;;;;
テレビ;テレビ;television, TV;n;5;;;television, TV;n;TV program, TV programme, TV broadcast;n;;;テレビスクリーン;テレビショー;テレビショッピング
テレビスクリーン;テレビスクリーン;television screen;n;0;;;;;;;;;;;
テレビショー;テレビショー;TV show;n;0;;;;;;;;;;;
テレビショッピング;テレビショッピング;television shopping;n;0;;;;;;;;;;;
天気;てんき;weather;n;5;How strange the weather is!;<ruby>変<rt>へん</rt></ruby>な<ruby>天気<rt>てんき</rt></ruby>！;weather;n;fair weather, fine weather;n;;;天気祭;良い天気;能天気
天気祭;てんきまつり;ceremony held to pray for good weather (during long periods of rain);n;0;;;;;;;;;;;
良い天気;よいてんき;fine weather;exp, n;0;;;;;;;;;;;
能天気;のうてんき;laid-back;adj-na, n;0;;;;;;;;;;;
電気;でんき;electricity, (electric) light;n;5;Turn on the lights.;<ruby>電気<rt>でんき</rt></ruby>つけて。;electricity;n;(electric) light;n;;;電気カミソリ;電気あんま;電気こんろ
電気カミソリ;でんきカミソリ;electric razor;n;0;;;;;;;;;;;
電気あんま;でんきあんま;pressing one's foot on the genitals of a supine person while pulling on their feet (usu. as a prank);n;0;;;;;;;;;;;
電気こんろ;でんきこんろ;electric cooking stove;n;0;;;;;;;;;;;
電車;でんしゃ;electric train;n;5;Here comes the train.;<ruby>電車<rt>でんしゃ</rt></ruby><ruby>来<rt>き</rt></ruby>たよ。;train, electric train;n;;;;;電車賃;電車道相撲;電車通り
電車賃;でんしゃちん;train fare;n;0;;;;;;;;;;;
電車道相撲;でんしゃみちすもう;railroading an opponent straight out of the ring;n;0;;;;;;;;;;;
電車通り;でんしゃどおり;street with streetcar tracks;n;0;;;;;;;;;;;
電話;でんわ;a telephone;n, vs, vt, vi;5;Call me.;<ruby>電話<rt>でんわ</rt></ruby>して。;telephone call, phone call;n, vs, vt, vi;telephone (device), phone;n;;;電話がかかってくる;電話機;電話を切る
電話がかかってくる;でんわがかかってくる;to get a phone call;exp, vk;0;;;;;;;;;;;
電話機;でんわき;telephone (device);n;0;;;;;;;;;;;
電話を切る;でんわをきる;to hang up;exp, v5r;0;;;;;;;;;;;
戸;と;door (Japanese style);n;5;Open the door.;<ruby>戸<rt>こ</rt></ruby>を<ruby>開<rt>ひら</rt></ruby>けて。;door (esp. Japanese-style);n;shutter, window shutter;n;entrance (to a home);n;戸口;戸毎眼張;戸当たり
戸口;ここう;houses and inhabitants;n;0;;;;;;;;;;;
戸毎眼張;とごっとめばる;Sebastes joyneri (genus of fish);n;0;;;;;;;;;;;
戸当たり;とあたり;doorstop;n;0;;;;;;;;;;;
～度;～ど;counter for occurrences, ~ degree, ~ point;n, n-suf;5;Again?;もう<ruby>一度<rt>いちど</rt></ruby>？;degree (angle, temperature, scale, etc.);n, n-suf;counter for occurrences;ctr;strength (of glasses), glasses prescription;n, n-suf;度を越す;度胸が据わる;度を超える
度を越す;どをこす;to go too far;exp, v5s;0;;;;;;;;;;;
度胸が据わる;どきょうがすわる;to have steady nerves;exp, v5r;0;;;;;;;;;;;
度を超える;どをこえる;to overstep the mark;exp, v1;0;;;;;;;;;;;
ドア;ドア;door (Western style);n;5;Your door isn't closed.;<ruby>半<rt>はん</rt></ruby><ruby>ドア<rt>どあ</rt></ruby>だよ。;door;n;;;;;ドアアイ;ドアエンジン;ドアガール
ドアアイ;ドアアイ;door peephole;n;0;;;;;;;;;;;
ドアエンジン;ドアエンジン;door operating equipment;n;0;;;;;;;;;;;
ドアガール;ドアガール;door girl;n;0;;;;;;;;;;;
トイレ;トイレ;bathroom, toilet;n;5;You are a toilet!;お<ruby>前<rt>まえ</rt></ruby>は<ruby>トイレ<rt>といれ</rt></ruby>だ！;toilet, restroom, bathroom, lavatory;n;going to the toilet, relieving oneself;n;;;トイレットペーパー;トイレットケース;トイレットソープ
トイレットペーパー;トイレットペーパー;toilet paper;n;0;;;;;;;;;;;
トイレットケース;トイレットケース;toilet case;n;0;;;;;;;;;;;
トイレットソープ;トイレットソープ;toilet soap;n;0;;;;;;;;;;;
どう;どう;how, in what way;adv;5;Thanks!;どうも！;how, in what way, how about;adv;;;;;どうも有難うございます;どうしようも無い;どうって事はない
どうも有難うございます;どうもありがとうございます;thank you very much;exp;0;;;;;;;;;;;
どうしようも無い;どうしようもない;it cannot be helped;exp, adj-i;0;;;;;;;;;;;
どうって事はない;どうってことはない;nothing special;exp;0;;;;;;;;;;;
どうして;どうして;why, for what reason;adv;5;Why?;どうして？;how, in what way, by what means;adv;why, for what reason, for what purpose, what for;adv;cannot possibly;adv;どうしてもと言うのなら;どうしてる;中々どうして
どうしてもと言うのなら;どうしてもというのなら;if you insist;exp;0;;;;;;;;;;;
どうしてる;どうしてる;How did you like ...?;exp;0;;;;;;;;;;;
中々どうして;なかなかどうして;considerably (beyond one's expectations);exp, adv;0;;;;;;;;;;;
どうぞ;どうぞ;please, kindly, by all means;adv;5;Please.;どうぞ。;please, kindly, pray, I beg (of you);adv;by all means, certainly, of course, (go) ahead, (feel) free (to), (you are) welcome (to), please (help yourself to);adv;here you are;adv;どうぞ宜しく;お先にどうぞ;
どうぞ宜しく;どうぞよろしく;pleased to meet you;exp;0;;;;;;;;;;;
お先にどうぞ;おさきにどうぞ;please go ahead;exp;0;;;;;;;;;;;
動物;どうぶつ;animal;n;5;What animal is brown?;<ruby>茶色<rt>ちゃいろ</rt></ruby>の<ruby>動物<rt>どうぶつ</rt></ruby>は？;animal;n;;;;;たべっ子どうぶつ;動物園;動物愛
たべっ子どうぶつ;たべっこどうぶつ;Tabekko Dōbutsu (brand of animal cracker);n;0;;;;;;;;;;;
動物園;どうぶつえん;zoo;n;0;;;;;;;;;;;
動物愛;どうぶつあい;love for animals;n;0;;;;;;;;;;;
どうも;どうも;Thank you, somehow, no matter how hard one may try;int;5;Thanks!;どうも！;thank you, thanks;int;much (thanks), very (sorry), quite (regret);adv;quite, really, mostly;adv;どうも有難うございます;どうも有難う;どうもすみません
どうも有難うございます;どうもありがとうございます;thank you very much;exp;0;;;;;;;;;;;
どうも有難う;どうもありがとう;thank you very much;exp;0;;;;;;;;;;;
どうもすみません;どうもすみません;thank you very much;exp;0;;;;;;;;;;;
十;(〜を) とお;ten (~);num;5;That's enough.;<ruby>十分<rt>じゅうぶん</rt></ruby>です。;ten, 10;num;ten years of age;n;book containing a collection of poems;n;十箇年;十把一絡げ;十日戎
十箇年;じゅうかねん;decennial;adj-f;0;;;;;;;;;;;
十把一絡げ;じっぱひとからげ;lumping together (things or people);n, adj-no;0;;;;;;;;;;;
十日戎;とおかえびす;Tōka Ebisu;n;0;;;;;;;;;;;
遠い;とおい;far (away), distant;adj-i;5;Is it far from here?;ここから<ruby>遠<rt>とお</rt></ruby>いの？;far, distant, far away, a long way off, in the distance;adj-i;distant (past), remote (in time), remote, far-removed (in time);adj-i;distant (relationship or kinship), having little to do (with someone);adj-i;遠い昔;遠い目;程遠い
遠い昔;とおいむかし;remote past;exp, n, adj-no;0;;;;;;;;;;;
遠い目;とおいめ;distant look;exp;0;;;;;;;;;;;
程遠い;ほどとおい;far away;adj-i;0;;;;;;;;;;;
十日;とおか;ten days, tenth day of the month;n;5;My birthday is November 10th.;<ruby>誕生日<rt>たんじょうび</rt></ruby>は、<ruby>十一月<rt>じゅういちがつ</rt></ruby><ruby>十日<rt>とうか</rt></ruby>です。;10th day of the month;n;ten days;n;;;十日戎;十日の菊;十日夜
十日戎;とおかえびす;Tōka Ebisu;n;0;;;;;;;;;;;
十日の菊;とおかのきく;something that comes too late and is useless;exp, n;0;;;;;;;;;;;
十日夜;とおかんや;Harvest festival held on the night of the tenth day of the tenth month (to send the rice paddy gods back to the mountains after harvest);n;0;;;;;;;;;;;
～時;～とき;at the time of ~;n;5;Is it five already?;もう５<ruby>時<rt>とき</rt></ruby>？;time, hour, moment;n;occasion, case;n, adv;chance, opportunity, season;n;時折;時々;時は金なり
時折;ときおり;sometimes;adv;0;;;;;;;;;;;
時々;ときどき;sometimes;adv, adj-no;0;;;;;;;;;;;
時は金なり;ときはかねなり;time is money;exp;0;;;;;;;;;;;
時々;ときどき;sometimes;adv, adj-no;5;"What do you mean by ""sometimes""?";「<ruby>時々<rt>ときどき</rt></ruby>」って<ruby>何<rt>なに</rt></ruby>？;sometimes, occasionally, at times, from time to time, now and then, once in a while, at intervals;adv, adj-no;seasonal, of the season, appropriate (for the season or occasion);adj-no, n;;;時々刻々;;
時々刻々;じじこっこく;hourly;adv;0;;;;;;;;;;;
時計;とけい;a watch, a clock;n;5;Are you wearing a watch?;<ruby>時計<rt>とけい</rt></ruby>してる？;clock, watch, timepiece;n;;;;;時計じかけ;時計師;時計メーカー
時計じかけ;とけいじかけ;clockwork;n;0;;;;;;;;;;;
時計師;とけいし;watchmaker;n;0;;;;;;;;;;;
時計メーカー;とけいメーカー;watchmaker;n;0;;;;;;;;;;;
どこ;どこ;where, what place;pn;5;;;where, what place;pn;how much (long, far), what extent;pn;;;どこ吹く風;つかみ所のない;つかみ所がない
どこ吹く風;どこふくかぜ;showing no concern at all;exp, adj-no, adv-to;0;;;;;;;;;;;
つかみ所のない;つかみどころのない;vague;exp, adj-i;0;;;;;;;;;;;
つかみ所がない;つかみどころがない;vague;exp, adj-i;0;;;;;;;;;;;
所;ところ;place;n, adv, suf;5;Where's the kitchen?;<ruby>台所<rt>だいどころ</rt></ruby>はどこ？;place, spot, scene, site;n, adv, suf;address;n, suf;district, area, locality;n, suf;一箇所;二箇所;所狭しと
一箇所;いっかしょ;one place;n;0;;;;;;;;;;;
二箇所;にかしょ;two places;n;0;;;;;;;;;;;
所狭しと;ところせましと;crowded;adv;0;;;;;;;;;;;
年;とし;year, age;n;5;It's the end of the year.;<ruby>年末<rt>ねんまつ</rt></ruby>です。;year;n;age, years;n;past one's prime, old age;n;二箇年;三箇年;四箇年
二箇年;にかねん;biennial;adj-f;0;;;;;;;;;;;
三箇年;さんかねん;triennial;adj-f;0;;;;;;;;;;;
四箇年;よんかねん;quadrennial;adj-f;0;;;;;;;;;;;
図書館;としょかん;library;n;5;Are you in the library?;<ruby>図書館<rt>としょかん</rt></ruby>にいるの？;library;n;;;;;図書館員;図書館学;図書館長
図書館員;としょかんいん;library clerk;n;0;;;;;;;;;;;
図書館学;としょかんがく;library science;n;0;;;;;;;;;;;
図書館長;としょかんちょう;chief librarian;n;0;;;;;;;;;;;
どちら;どちら;which (one) (way), where (polite);pn;5;May I ask who you are?;どちらさまですか？;which way, which direction, where;pn;which one (esp. of two alternatives);pn;who;pn;どちらかと言うと;どちら様;どちらかと言えば
どちらかと言うと;どちらかというと;if anything;exp;0;;;;;;;;;;;
どちら様;どちらさま;who;pn;0;;;;;;;;;;;
どちらかと言えば;どちらかといえば;if anything;exp;0;;;;;;;;;;;
どっち;どっち;which one, which way;pn;5;Which one do you take?;どっち<ruby>取<rt>と</rt></ruby>る？;which way, which direction, where;pn;which one (esp. of two alternatives);pn;who;pn;どっち道;どっちかと言うと;どっちかと言えば
どっち道;どっちみち;anyway;adv;0;;;;;;;;;;;
どっちかと言うと;どっちかというと;if anything;exp;0;;;;;;;;;;;
どっちかと言えば;どっちかといえば;if anything;exp;0;;;;;;;;;;;
とても;とても;very (much), greatly, exceedingly;adv;5;It's very high.;とても<ruby>高<rt>たか</rt></ruby>い。;very, awfully, exceedingly;adv;(not) at all, by no means, simply (cannot);adv;;;;;
どなた;どなた;who;pn;5;Who is it?;どなた？;who;pn;;;;;;;
隣;となり;next to, next door to;adj-no, n;5;Come sit by my side.;<ruby>隣<rt>となり</rt></ruby>どうぞ。;next (to), adjoining, adjacent;adj-no, n;house next door, neighbouring house, next-door neighbour, next-door neighbor;n, adj-no;;;隣り合わせ;隣同士;隣り合う
隣り合わせ;となりあわせ;adjoining each other;n, adj-no;0;;;;;;;;;;;
隣同士;となりどうし;next-door neighbors;n;0;;;;;;;;;;;
隣り合う;となりあう;to adjoin each other;v5u, vi;0;;;;;;;;;;;
どの;どの;which;suf;5;Did you remember to lock the windows?;<ruby>窓<rt>まど</rt></ruby>の<ruby>鍵<rt>かぎ</rt></ruby>しめた？;Mr., Mrs., Miss, Ms.;suf;;;;;どの面下げて;どの口が言う;どの様
どの面下げて;どのつらさげて;how could I (you, etc.) ...?;exp;0;;;;;;;;;;;
どの口が言う;どのくちがいう;look who's talking;exp, v5u;0;;;;;;;;;;;
どの様;どのよう;what sort;exp, adj-na;0;;;;;;;;;;;
飛ぶ;とぶ;to fly, to hop;v5b, vi;5;Birds fly.;<ruby>鳥<rt>とり</rt></ruby>は<ruby>飛<rt>と</rt></ruby>ぶ。;to fly, to soar;v5b, vi;to jump, to leap, to spring, to bound, to hop;v5b, vi;to spatter, to scatter, to splash, to fly (e.g. of sparks);v5b, vi;飛ぶように売れる;飛ぶ鳥;飛ぶ鳥跡を濁さず
飛ぶように売れる;とぶようにうれる;to sell like hot cakes;exp, v1;0;;;;;;;;;;;
飛ぶ鳥;とぶとり;flying bird;exp, n;0;;;;;;;;;;;
飛ぶ鳥跡を濁さず;とぶとりあとをにごさず;it is simply common courtesy to clean up after yourself;exp;0;;;;;;;;;;;
止まる;とまる;to come to a halt;v5r, vi;5;Move along now.;<ruby>立<rt>た</rt></ruby>ち<ruby>止<rt>と</rt></ruby>まるな。;to stop (moving), to come to a stop;v5r, vi;to stop (doing, working, being supplied), to come to a halt, to cease, to be stopped, to be suspended;v5r, vi;to alight, to perch on;v5r, vi;とどまるところを知らない;思いとどまる;立ち止まる
とどまるところを知らない;とどまるところをしらない;knowing no bounds;exp;0;;;;;;;;;;;
思いとどまる;おもいとどまる;to give up (an idea or plan);v5r, vt;0;;;;;;;;;;;
立ち止まる;たちどまる;to stop (in one's tracks);v5r, vi;0;;;;;;;;;;;
友達;ともだち;friend;n;5;Is he a friend?;<ruby>友達<rt>ともだち</rt></ruby>ですか？;friend, companion;n;;;;;友達付き合い;友達甲斐;友達感覚
友達付き合い;ともだちづきあい;friendly relations;n;0;;;;;;;;;;;
友達甲斐;ともだちがい;true friendship;n;0;;;;;;;;;;;
友達感覚;ともだちかんかく;feeling like friends;n;0;;;;;;;;;;;
土曜日;どようび;Saturday;n, adv;5;It is Saturday.;<ruby>土曜日<rt>どようび</rt></ruby>だよ。;Saturday;n, adv;;;;;聖土曜日;;
聖土曜日;せいどようび;Holy Saturday;n;0;;;;;;;;;;;
鳥;とり;chicken (lit., bird);n;5;I killed two birds with one stone.;<ruby>一石二鳥<rt>いっせきにちょう</rt></ruby>;bird;n;bird meat (esp. chicken meat), fowl, poultry;n;;;鳥なき里の蝙蝠;鳥かご;鳥捕り
鳥なき里の蝙蝠;とりなきさとのこうもり;in the land of the blind, the one-eyed man is king;exp, n;0;;;;;;;;;;;
鳥かご;とりかご;birdcage;n;0;;;;;;;;;;;
鳥捕り;とりとり;bird catcher;n;0;;;;;;;;;;;
鶏肉;とりにく;chicken meat;n;5;What can you make with chicken?;<ruby>鶏肉<rt>とりにく</rt></ruby>で、<ruby>何<rt>なに</rt></ruby>が<ruby>作<rt>つく</rt></ruby>れる？;chicken meat;n;fowl, poultry, bird meat;n;;;;;
取る;とる;to take (a class), to get (a grade);v5r, vt;5;Which one do you take?;どっち<ruby>取<rt>と</rt></ruby>る？;to take, to pick up, to grab, to catch, to hold;v5r, vt;to pass, to hand, to give;v5r, vt;to get, to obtain, to acquire, to win, to receive, to earn, to take (e.g. a vacation);v5r, vt;取るものもとりあえず;受け取る;打ち取る
取るものもとりあえず;とるものもとりあえず;without a moment's delay;exp, adv;0;;;;;;;;;;;
受け取る;うけとる;to receive;v5r, vt;0;;;;;;;;;;;
打ち取る;うちとる;to kill (with a weapon);v5r, vt;0;;;;;;;;;;;
撮る;とる;to take (a photo), to make (a film);v5r, vt;5;I love to take pictures.;<ruby>写真<rt>しゃしん</rt></ruby><ruby>撮<rt>と</rt></ruby>るの、<ruby>好<rt>す</rt></ruby>き<ruby>好<rt>す</rt></ruby>き。;to take (a photograph);v5r, vt;to record (audio or video), to film, to shoot;v5r, vt;;;写真を撮る;写し撮る;
写真を撮る;しゃしんをとる;to take a picture;exp, v5r;0;;;;;;;;;;;
写し撮る;うつしとる;to record (in a photograph or on video);v5r, vt;0;;;;;;;;;;;
どれ;どれ;which one;pn;5;Get back in line.;<ruby>列<rt>つら</rt></ruby>に<ruby>戻<rt>もど</rt></ruby>れ。;which (of three or more);pn;well, now, c'mon;int;;;どれにしようかな天の神様の言う通り;どれ位;どれ程
どれにしようかな天の神様の言う通り;どれにしようかなてんのかみさまのいうとおり;eeny, meeny, miny, moe;exp;0;;;;;;;;;;;
どれ位;どれくらい;how long;exp, n, adv;0;;;;;;;;;;;
どれ程;どれほど;how much;adv, n;0;;;;;;;;;;;
どんな;どんな;what, what kind of;adj-pn;5;What is he like?;どんな<ruby>方<rt>ほう</rt></ruby>なの？;what kind of, what sort of, what;adj-pn;no matter what (kind of), whatever, any, all;adj-pn;;;どんな犠牲を払っても;どんな事があっても;どんなに
どんな犠牲を払っても;どんなぎせいをはらっても;at all costs;exp;0;;;;;;;;;;;
どんな事があっても;どんなことがあっても;no matter what happens;exp;0;;;;;;;;;;;
どんなに;どんなに;how;adv;0;;;;;;;;;;;
ない;ない;there isn't, doesn't have;adj-i;5;;;nonexistent, not being (there);adj-i;unowned, not had, unpossessed;adj-i;unique;adj-i;ない訳にはいかない;計り知れない;かけがえの無い
ない訳にはいかない;ないわけにはいかない;cannot avoid (doing);exp;0;;;;;;;;;;;
計り知れない;はかりしれない;unfathomable;exp, adj-i;0;;;;;;;;;;;
かけがえの無い;かけがえのない;irreplaceable;exp, adj-f;0;;;;;;;;;;;
ナイフ;ナイフ;knife;n;5;There is a knife missing.;<ruby>ナイフ<rt>ないふ</rt></ruby>がない。;knife;n;;;;;ナイフリッジ;ナイフエッジ;ナイフプリーツ
ナイフリッジ;ナイフリッジ;knife ridge;n;0;;;;;;;;;;;
ナイフエッジ;ナイフエッジ;knife edge;n;0;;;;;;;;;;;
ナイフプリーツ;ナイフプリーツ;knife pleat;n;0;;;;;;;;;;;
中;なか;inside, middle, among;n;5;Go inside.;<ruby>中<rt>なか</rt></ruby>へ。;inside, interior;n;among, within;n, adv;middle, center, centre;n;中継ぎ;中手;中ぐり盤
中継ぎ;なかつぎ;joining;n, vs;0;;;;;;;;;;;
中手;なかて;mid-season crops;n;0;;;;;;;;;;;
中ぐり盤;なかぐりばん;boring machine;n;0;;;;;;;;;;;
長い;ながい;long, lengthy;adj-i;5;Life is good.;<ruby>人生<rt>じんせい</rt></ruby>は<ruby>長<rt>なが</rt></ruby>い。;long (distance, length);adj-i;long (time), protracted, prolonged;adj-i;;;長い目で見る;長い間;長いこと
長い目で見る;ながいめでみる;to look at the long term;exp, v1;0;;;;;;;;;;;
長い間;ながいあいだ;long time;exp, n, adv;0;;;;;;;;;;;
長いこと;ながいこと;for a long time;exp, adv;0;;;;;;;;;;;
鳴く;なく;to make sound (animal);v5k, vi;5;Birds sing.;<ruby>鳥<rt>とり</rt></ruby>は<ruby>鳴<rt>な</rt></ruby>く。;to make sound (of an animal), to call, to cry, to whine, to sing, to chirp;v5k, vi;to make a meld call (e.g. pung, kong);v5k, vi;;;鳴く蝉よりも鳴かぬ蛍が身を焦がす;鳴く猫は鼠を捕らぬ;クンクン鳴く
鳴く蝉よりも鳴かぬ蛍が身を焦がす;なくせみよりもなかぬほたるがみをこがす;empty vessels make the most noise;exp, v5s;0;;;;;;;;;;;
鳴く猫は鼠を捕らぬ;なくねこはねずみをとらぬ;empty vessels make the most sound;exp;0;;;;;;;;;;;
クンクン鳴く;クンクンなく;to whine (of a dog);exp, v5k;0;;;;;;;;;;;
無くす;なくす;to lose something;v5s, vt;5;The new government promised to rid the country of corruption.;<ruby>新<rt>あたら</rt></ruby>しい<ruby>政府<rt>せいふ</rt></ruby>は<ruby>国<rt>くに</rt></ruby>から<ruby>腐敗<rt>ふはい</rt></ruby>を<ruby>無<rt>な</rt></ruby>くすと<ruby>約束<rt>やくそく</rt></ruby>した。;to lose (something);v5s, vt;to get rid of, to eliminate, to remove, to eradicate, to abolish;v5s, vt;;;;;
なぜ;なぜ;why (same as どうして);adv;5;Why?;なぜか？;why, how, for what reason;adv;;;;;何故かと言うと;なぜなぜ分析;あなぜ風
何故かと言うと;なぜかというと;the reason is that ...;exp;0;;;;;;;;;;;
なぜなぜ分析;なぜなぜぶんせき;why-why analysis (analytical method for identifying the root causes of a problem);n;0;;;;;;;;;;;
あなぜ風;あなぜかぜ;northwesterly winter wind;n;0;;;;;;;;;;;
夏;なつ;summer;n, adv;5;It's summer.;<ruby>夏<rt>なつ</rt></ruby>だね。;summer;n, adv;;;;;夏祭り;夏やせ;夏椿
夏祭り;なつまつり;summer festival;n;0;;;;;;;;;;;
夏やせ;なつやせ;losing weight over the summer;n, vs, vi;0;;;;;;;;;;;
夏椿;なつつばき;Japanese stewartia (Stewartia pseudocamellia);n;0;;;;;;;;;;;
夏休み;なつやすみ;summer vacation;n;5;When does your summer vacation begin?;<ruby>夏休<rt>なつやす</rt></ruby>みはいつから？;summer vacation, summer holiday;n;;;;;夏休みの友;;
夏休みの友;なつやすみのとも;booklet with homework assignments for the summer vacation;n;0;;;;;;;;;;;
～など;～など;et cetera;prt;5;God doesn't exist.;<ruby>神<rt>かみ</rt></ruby>などいない。;et cetera, etc., and the like, and so forth;prt;or something;prt;the likes of;prt;等など;;
等など;などなど;et cetera;exp;0;;;;;;;;;;;
七つ;ななつ;seven things;num;5;One, two, three, four, five, six, seven, eight, nine, ten.;<ruby>一<rt>ひと</rt></ruby>つ、<ruby>二<rt>ふた</rt></ruby>つ、<ruby>三<rt>みっ</rt></ruby>つ、<ruby>四<rt>よ</rt></ruby>つ、<ruby>五<rt>いつ</rt></ruby>つ、<ruby>六<rt>む</rt></ruby>つ、<ruby>七<rt>なな</rt></ruby>つ、<ruby>八<rt>や</rt></ruby>つ、<ruby>九<rt>ここの</rt></ruby>つ、<ruby>十<rt>じゅう</rt></ruby>。;seven;num;seven years of age;n;four o'clock (old time system);n;七つの海;七つ屋;七つ時
七つの海;ななつのうみ;the seven seas;n;0;;;;;;;;;;;
七つ屋;ななつや;pawnshop;n;0;;;;;;;;;;;
七つ時;ななつどき;(approx.) four o'clock (am or pm, old time system);n;0;;;;;;;;;;;
何;なん, なに;what;pn;5;Lol, what?;<ruby>笑<rt>わらい</rt></ruby>、<ruby>何<rt>なに</rt></ruby>？;what;pn;you-know-what, that thing;pn;whatsit, whachamacallit, what's-his-name, what's-her-name;pn;何ヶ月;何ヶ月か;何ヶ月も
何ヶ月;なんかげつ;how many months;n;0;;;;;;;;;;;
何ヶ月か;なんかげつか;a few months;exp;0;;;;;;;;;;;
何ヶ月も;なんかげつも;(for) months;exp;0;;;;;;;;;;;
七日;なのか;seven days, seventh day (of the month);n;5;There are seven days in a week.;<ruby>一週間<rt>いっしゅうかん</rt></ruby>は<ruby>七日<rt>なのか</rt></ruby>です。;7th day of the month;n;seven days;n;;;七日鮫;１７日;２７日
七日鮫;なぬかざめ;blotchy swell shark (Cephaloscyllium umbratile);n;0;;;;;;;;;;;
１７日;じゅうしちにち;17th day of the month;n;0;;;;;;;;;;;
２７日;にじゅうしちにち;27th day of the month;n;0;;;;;;;;;;;
名前;なまえ;name;n;5;What is your name?;<ruby>名前<rt>なまえ</rt></ruby>は<ruby>何<rt>なに</rt></ruby>？;name;n;given name, first name;n;;;名前を馳せる;名前をつける;名前空間
名前を馳せる;なまえをはせる;to win fame;exp, v1;0;;;;;;;;;;;
名前をつける;なまえをつける;to name;exp, v1;0;;;;;;;;;;;
名前空間;なまえくうかん;namespace;n;0;;;;;;;;;;;
習う;ならう;to learn;v5u, vt;5;Practice makes perfect.;<ruby>習<rt>なら</rt></ruby>うより<ruby>慣<rt>な</rt></ruby>れろ。;to take lessons in, to be taught, to learn (from a teacher), to study (under a teacher), to get training in;v5u, vt;;;;;習うより慣れろ;復習う;見習う
習うより慣れろ;ならうよりなれろ;experience is the best teacher;exp;0;;;;;;;;;;;
復習う;さらう;to review;v5u, vt;0;;;;;;;;;;;
見習う;みならう;to follow (someone's) example;v5u, vt;0;;;;;;;;;;;
並ぶ;ならぶ;to line up, to stand in a line (v.i.);v5b, vi;5;It was the time of year when the tastes of autumn were lined up in the storefront.;<ruby>秋<rt>あき</rt></ruby>の<ruby>味覚<rt>みかく</rt></ruby>が<ruby>店頭<rt>てんとう</rt></ruby>に<ruby>並<rt>なら</rt></ruby>ぶ<ruby>季節<rt>きせつ</rt></ruby>となりました。;to line up, to stand in a line;v5b, vi;to rival, to match, to equal;v5b, vi;;;立ち並ぶ;居並ぶ;相並ぶ
立ち並ぶ;たちならぶ;to stand in a row (e.g. shops on a street);v5b, vi;0;;;;;;;;;;;
居並ぶ;いならぶ;to sit in a row;v5b, vi;0;;;;;;;;;;;
相並ぶ;あいならぶ;to line up with;v5b;0;;;;;;;;;;;
並べる;ならべる;to put (things) side by side, to line up;v1, vt;5;Rank boys according to their height.;<ruby>身長<rt>しんちょう</rt></ruby><ruby>順<rt>じゅん</rt></ruby>に<ruby>男の子<rt>おとこのこ</rt></ruby>を<ruby>並<rt>なら</rt></ruby>べる。;to line up, to set up, to arrange in a line;v1, vt;to enumerate, to itemize;v1, vt;to be equal (to), to compare well (with), to be as good (as);v1, vt;書き並べる;肩を並べる;軒を並べる
書き並べる;かきならべる;to line up points in a speech;v1, vt;0;;;;;;;;;;;
肩を並べる;かたをならべる;to stand, walk, etc. shoulder-to-shoulder;exp, v1;0;;;;;;;;;;;
軒を並べる;のきをならべる;to stand side by side;exp, v1;0;;;;;;;;;;;
なる;なる;to become;v5r, vi;5;ASAP;なるはや;to become, to get, to grow, to turn, to reach, to attain;v5r, vi;to result in, to turn out, to end up, to prove (to be);v5r, vi;to consist of, to be composed of, to be made up of;v5r, vi;成るように成る;収拾がつかなくなる;大いなる
成るように成る;なるようになる;whatever will be, will be;exp, v5r;0;;;;;;;;;;;
収拾がつかなくなる;しゅうしゅうがつかなくなる;to get out of hand;exp, v5r;0;;;;;;;;;;;
大いなる;おおいなる;big;adj-pn;0;;;;;;;;;;;
何～;なん～;what sort of ~;pn;5;Lol, what?;<ruby>笑<rt>わらい</rt></ruby>、<ruby>何<rt>なに</rt></ruby>？;what;pn;how many;pref;many, a lot of;pref;何ヶ月;何ヶ月か;何ヶ月も
何ヶ月;なんかげつ;how many months;n;0;;;;;;;;;;;
何ヶ月か;なんかげつか;a few months;exp;0;;;;;;;;;;;
何ヶ月も;なんかげつも;(for) months;exp;0;;;;;;;;;;;
二;に;two;num;5;I killed two birds with one stone.;<ruby>一石二鳥<rt>いっせきにちょう</rt></ruby>;two, 2;num;;;;;二箇年;二足のわらじを履く;二箇所
二箇年;にかねん;biennial;adj-f;0;;;;;;;;;;;
二足のわらじを履く;にそくのわらじをはく;to be engaged in two trades at the same time;exp, v5k;0;;;;;;;;;;;
二箇所;にかしょ;two places;n;0;;;;;;;;;;;
にぎやか;にぎやか;bustling, busy;adj-na;5;This street is lively.;この<ruby>通<rt>とう</rt></ruby>りは<ruby>賑<rt>にぎ</rt></ruby>やかだ。;bustling, busy, crowded, lively, prosperous, thriving;adj-na;lively (party, voices, etc.), loud, noisy, merry, cheerful;adj-na;;;;;
肉;にく;meat;n;5;The meat is cheap.;<ruby>肉<rt>にく</rt></ruby>が<ruby>安<rt>やす</rt></ruby>い。;flesh;n;meat;n;flesh (of a fruit), pulp;n;肉付きの良い;肉付きが良い;肉襦袢
肉付きの良い;にくづきのよい;stout;exp, adj-ix;0;;;;;;;;;;;
肉付きが良い;にくづきがよい;stout;exp, adj-ix;0;;;;;;;;;;;
肉襦袢;にくじゅばん;flesh-colored leotards;n;0;;;;;;;;;;;
西;にし;west;n;5;The sun sets in the west.;<ruby>日<rt>にち</rt></ruby>は<ruby>西<rt>にし</rt></ruby>に<ruby>沈<rt>しず</rt></ruby>む。;west;n;;;;;西洋骨牌;西比利亜;西洋ネギ
西洋骨牌;せいようカルタ;Western playing cards;n;0;;;;;;;;;;;
西比利亜;シベリア;Siberia;n;0;;;;;;;;;;;
西洋ネギ;せいようねぎ;leek (Allium porrum);n;0;;;;;;;;;;;
～日;～にち;~ day of the month, for ~ days;n;5;Are you free tomorrow?;<ruby>明日<rt>あした</rt></ruby><ruby>暇<rt>ひま</rt></ruby>？;Sunday;n;nth day (of the month);suf;counter for days;ctr;日陰蔓;日陰;日当たり
日陰蔓;ヒカゲノカズラ;common clubmoss (Lycopodium clavatum);n;0;;;;;;;;;;;
日陰;ひかげ;shade;n;0;;;;;;;;;;;
日当たり;ひあたり;exposure to the sun;n;0;;;;;;;;;;;
日曜日;にちようび;Sunday;n, adv;5;Are you free on Sunday?;<ruby>日曜日<rt>にちようび</rt></ruby>、<ruby>暇<rt>ひま</rt></ruby>？;Sunday;n, adv;;;;;血の日曜日;素晴らしき日曜日;
血の日曜日;ちのにちようび;Bloody Sunday (esp. the January 22, 1905 Saint Petersburg incident);exp, n;0;;;;;;;;;;;
素晴らしき日曜日;すばらしきにちようび;One Wonderful Sunday (film by Kurosawa);n;0;;;;;;;;;;;
荷物;にもつ;luggage, baggage;n;5;A package has arrived.;<ruby>荷物<rt>にもつ</rt></ruby>が<ruby>届<rt>とど</rt></ruby>いた。;luggage, baggage, package;n;burden;n;payload (of a packet, cell, etc.);n;荷物を詰める;荷物電車;荷物車
荷物を詰める;にもつをつめる;to pack one's things;exp, v1;0;;;;;;;;;;;
荷物電車;にもつでんしゃ;baggage car;n;0;;;;;;;;;;;
荷物車;にもつしゃ;baggage car (of a train);n;0;;;;;;;;;;;
ニュース;ニュース;news;n;5;Haven't you been watching the news?;<ruby>ニュース<rt>にゅーす</rt></ruby><ruby>見<rt>み</rt></ruby>ないの？;news;n;;;;;ニュースショー;ニュースソース;ニュースアナリスト
ニュースショー;ニュースショー;news show;n;0;;;;;;;;;;;
ニュースソース;ニュースソース;news source;n;0;;;;;;;;;;;
ニュースアナリスト;ニュースアナリスト;news analyst;n;0;;;;;;;;;;;
庭;にわ;garden;n;5;Is Tom in the garden?;<ruby>トム<rt>とむ</rt></ruby>は<ruby>庭<rt>にわ</rt></ruby>にいる？;garden, yard, courtyard;n;field (of action), area;n;;;庭づくり;庭付き;庭いじり
庭づくり;にわづくり;gardening;n;0;;;;;;;;;;;
庭付き;にわつき;having a garden;adj-no;0;;;;;;;;;;;
庭いじり;にわいじり;gardening;n;0;;;;;;;;;;;
～人;～にん;counter for people;ctr;5;Are you a morning person?;<ruby>朝型<rt>あさがた</rt></ruby><ruby>人間<rt>にんげん</rt></ruby>？;counter for people;ctr;;;;;人間到る処青山あり;人ごみ;人雪崩
人間到る処青山あり;にんげんいたるところせいざんあり;home is wherever one lays one's hat;exp;0;;;;;;;;;;;
人ごみ;ひとごみ;crowd of people;n;0;;;;;;;;;;;
人雪崩;ひとなだれ;surging crowd;n;0;;;;;;;;;;;
脱ぐ;ぬぐ;to take off (clothes);v5g, vt;5;I take my hat off to you!;<ruby>君<rt>くん</rt></ruby>には<ruby>シャッポ<rt>しゃっぽ</rt></ruby>を<ruby>脱<rt>ぬ</rt></ruby>ぐよ。;to take off (clothes, shoes, etc.), to undress;v5g, vt;;;;;兜を脱ぐ;一肌脱ぐ;草鞋を脱ぐ
兜を脱ぐ;かぶとをぬぐ;to accept one's inferiority;exp, v5g;0;;;;;;;;;;;
一肌脱ぐ;ひとはだぬぐ;to pitch in and help;exp, v5g;0;;;;;;;;;;;
草鞋を脱ぐ;わらじをぬぐ;to complete one's journey;exp, v5g;0;;;;;;;;;;;
温い;ぬるい;lukewarm;adj-i;5;It's a bit warm in here, isn't it?;ここはちょっと<ruby>温<rt>ぬく</rt></ruby>いですね？;lukewarm, tepid;adj-i;lenient;adj-i;;;生ぬるい;;
生ぬるい;なまぬるい;lukewarm;adj-i;0;;;;;;;;;;;
ネクタイ;ネクタイ;tie, necktie;n;5;Where is your tie?;<ruby>ネクタイ<rt>ねくたい</rt></ruby>は？;tie, necktie;n;;;;;ネクタイピン;蝶ネクタイ;ノーネクタイ
ネクタイピン;ネクタイピン;necktie pin;n;0;;;;;;;;;;;
蝶ネクタイ;ちょうネクタイ;bow tie;n;0;;;;;;;;;;;
ノーネクタイ;ノーネクタイ;tieless;adj-no, n;0;;;;;;;;;;;
猫;ねこ;cat;n;5;Cats forever!;<ruby>猫<rt>ねこ</rt></ruby><ruby>万歳<rt>ばんざい</rt></ruby>！;cat (esp. the domestic cat, Felis catus), feline;n;shamisen;n;geisha;n;猫に鰹節;猫かぶり;猫ばば
猫に鰹節;ねこにかつおぶし;temptation one can't resist;exp;0;;;;;;;;;;;
猫かぶり;ねこかぶり;feigned innocence;n;0;;;;;;;;;;;
猫ばば;ねこばば;embezzlement;n, vs, vt;0;;;;;;;;;;;
寝る;ねる;to sleep, to go to sleep, to go to bed;v1, vi;5;I'm going to bed.;<ruby>寝<rt>ね</rt></ruby>るぞ！;to sleep (lying down);v1, vi;to go to bed, to lie in bed;v1, vi;to lie down;v1, vi;寝る子は育つ;寝るほど楽はなかりけり;泥のように寝る
寝る子は育つ;ねるこはそだつ;sleep brings up a child well;exp, v5t;0;;;;;;;;;;;
寝るほど楽はなかりけり;ねるほどらくはなかりけり;there is nothing better than sleeping;exp;0;;;;;;;;;;;
泥のように寝る;どろのようにねる;to sleep like a log;exp, v1;0;;;;;;;;;;;
～年;～ねん;~ years;n;5;It's the end of the year.;<ruby>年末<rt>ねんまつ</rt></ruby>です。;year;n;counter for years (e.g. of an era), grades (e.g. school);ctr;period of an apprentice's contract (usu. ten years);n;二箇年;三箇年;四箇年
二箇年;にかねん;biennial;adj-f;0;;;;;;;;;;;
三箇年;さんかねん;triennial;adj-f;0;;;;;;;;;;;
四箇年;よんかねん;quadrennial;adj-f;0;;;;;;;;;;;
ノート;ノート;notebook;n;5;Put your notebook away.;<ruby>ノート<rt>のーと</rt></ruby>は<ruby>収<rt>おさ</rt></ruby>めて。;notebook, copy-book, exercise book;n;note, noting down;n, vs, vt;(musical) note;n;ノートパソコン;ノートパッド;ノートンユーティリティ
ノートパソコン;ノートパソコン;laptop (computer);n;0;;;;;;;;;;;
ノートパッド;ノートパッド;notepad;n;0;;;;;;;;;;;
ノートンユーティリティ;ノートンユーティリティ;Norton Utilities;n;0;;;;;;;;;;;
登る;のぼる;to climb;v5r, vi;5;Don't climb on the wall.;<ruby>壁<rt>かべ</rt></ruby>に<ruby>登<rt>のぼ</rt></ruby>るな。;to ascend, to go up, to climb;v5r, vi;to ascend (as a natural process, e.g. the Sun), to rise;v5r, vi;to go to (the capital);v5r, vi;豚もおだてりゃ木に登る;よじ登る;龍天に登る
豚もおだてりゃ木に登る;ぶたもおだてりゃきにのぼる;flattery will motivate anyone;exp, v5r;0;;;;;;;;;;;
よじ登る;よじのぼる;to climb;v5r, vi;0;;;;;;;;;;;
龍天に登る;りゅうてんにのぼる;rise of the dragon (bringing rain around the time of the spring equinox);exp;0;;;;;;;;;;;
飲み物;のみもの;drink, beverage;n;5;Would you like something to drink?;お<ruby>飲み物<rt>のみもの</rt></ruby>はいかが？;drink, beverage;n;;;;;;;
飲む;のむ;to drink;v5m, vt;5;Do you drink green tea?;<ruby>緑茶<rt>りょくちゃ</rt></ruby><ruby>飲<rt>の</rt></ruby>む？;to drink, to swallow, to take (medicine);v5m, vt;to smoke (tobacco);v5m, vt;to swallow up, to engulf;v5m, vt;清濁併せ呑む;爪の垢を煎じて飲む;飲む打つ買う
清濁併せ呑む;せいだくあわせのむ;to be broad-minded enough to associate with various types of people;exp, v5m;0;;;;;;;;;;;
爪の垢を煎じて飲む;つめのあかをせんじてのむ;to take a lesson from (someone serving as an example);exp, v5m;0;;;;;;;;;;;
飲む打つ買う;のむうつかう;drinking, gambling, and buying women in prostitution;n;0;;;;;;;;;;;
乗る;のる;to get on, to ride in, to board;v5r, vi;5;I'll take a car.;<ruby>車<rt>くるま</rt></ruby>に<ruby>乗<rt>の</rt></ruby>る。;to get on (train, plane, bus, ship, etc.), to get in, to board, to take, to embark;v5r, vi;to get on (e.g. a footstool), to step on, to jump on, to sit on, to mount;v5r, vi;to reach, to go over, to pass;v5r, vi;伸るか反るか;飛び乗る;図に乗る
伸るか反るか;のるかそるか;win or lose;exp, adv, adj-no;0;;;;;;;;;;;
飛び乗る;とびのる;to jump on (a horse);v5r, vi;0;;;;;;;;;;;
図に乗る;ずにのる;to get carried away;exp, v5r;0;;;;;;;;;;;
歯;は;tooth;n;5;Do you have a toothache?;<ruby>歯<rt>は</rt></ruby>が<ruby>痛<rt>いた</rt></ruby>いの？;tooth, teeth;n;tooth (of a comb, saw, etc.), cog;n;support (of a geta);n;歯を食いしばる;歯に衣着せぬ;歯磨き楊枝
歯を食いしばる;はをくいしばる;to bear up in tragedy;exp, v5r;0;;;;;;;;;;;
歯に衣着せぬ;はにきぬきせぬ;outspoken;exp, adj-f;0;;;;;;;;;;;
歯磨き楊枝;はみがきようじ;toothbrush;n;0;;;;;;;;;;;
パーティー;パーティー;a party;n;5;How did you enjoy the party?;<ruby>パーティー<rt>ぱーてぃー</rt></ruby><ruby>楽<rt>たの</rt></ruby>しめた？;party (social gathering);n;party (group of people participating in an activity, esp. mountain climbing);n;(political) party;n;パーティーピープル;パーティードレス;パーティールーム
パーティーピープル;パーティーピープル;party people;n;0;;;;;;;;;;;
パーティードレス;パーティードレス;party dress;n;0;;;;;;;;;;;
パーティールーム;パーティールーム;party room;n;0;;;;;;;;;;;
はい;はい;yes;int;5;Yes.;はい。;yes, that is correct;int;understood, I see, OK, okay;int;present, here;int;はいはい;胚芽;這い回る
はいはい;はいはい;yeah, yeah;n, vs, vi;0;;;;;;;;;;;
胚芽;はいが;germ (of a cereal, e.g. wheat, rice);n;0;;;;;;;;;;;
這い回る;はいまわる;to creep about;v5r, vi;0;;;;;;;;;;;
～杯;～はい;counter for cupfuls;n;5;I'm stuffed!;お<ruby>腹一杯<rt>はらいっぱい</rt></ruby>！;sake cup, cup for alcoholic beverages;n;counter for cupfuls, bowlfuls, spoonfuls, etc.;ctr;counter for boats;ctr;一杯飲み屋;一杯引っ掛ける;苦杯をなめる
一杯飲み屋;いっぱいのみや;cheap drinking spot (pub, tavern, etc.);n;0;;;;;;;;;;;
一杯引っ掛ける;いっぱいひっかける;to have a drink;exp, v1;0;;;;;;;;;;;
苦杯をなめる;くはいをなめる;to drink a bitter cup;exp, v1;0;;;;;;;;;;;
灰皿;はいざら;ashtray;n;5;I need an ashtray.;<ruby>灰皿<rt>はいざら</rt></ruby>を<ruby>下<rt>くだ</rt></ruby>さい。;ashtray;n;;;;;;;
入る;はいる;to enter, to contain, to hold;v5r, vi;5;;;to enter, to come in, to go in, to get in, to arrive;v5r, vi;to join (a club, company, etc.), to enter (a university, the army, etc.), to enroll (in), to go into (e.g. politics), to get into;v5r, vi;to be contained (in), to be included (in), to be inside (e.g. a box), to come under (a heading), to belong (in a category);v5r, vi;入るを量りて出ずるを制す;聞き入る;染み入る
入るを量りて出ずるを制す;いるをはかりていずるをせいす;cut your coat according to your cloth;exp, v5s;0;;;;;;;;;;;
聞き入る;ききいる;to listen attentively to;v5r, vi;0;;;;;;;;;;;
染み入る;しみいる;to soak into;v5r, vi;0;;;;;;;;;;;
葉書;はがき;postcard;n;5;Send me a postcard.;<ruby>葉書<rt>はがき</rt></ruby>をおくれ。;postcard;n;memo, note, card;n;;;葉書大;絵葉書;年賀葉書
葉書大;はがきだい;postcard size;n;0;;;;;;;;;;;
絵葉書;えはがき;picture postcard;n;0;;;;;;;;;;;
年賀葉書;ねんがはがき;New Year's postcard;n;0;;;;;;;;;;;
はく;はく;to put on (items below your waist);v5k, vt;5;Spit it out!;<ruby>白状<rt>はくじょう</rt></ruby>しろ！;to sweep, to brush, to clean;v5k, vt;to gather silkworms;v5k, vt;;;剥製;剥奪;剥離
剥製;はくせい;stuffed specimen;n;0;;;;;;;;;;;
剥奪;はくだつ;stripping (of rights, rank, etc.);n, vs, vt;0;;;;;;;;;;;
剥離;はくり;detachment;n, vs, vt, vi;0;;;;;;;;;;;
箱;はこ;box;n;5;There is a box.;<ruby>箱<rt>はこ</rt></ruby>がある。;box, case, chest, package, pack, crate;n;car (of a train, etc.);n;shamisen case, shamisen;n;箱詰め;箱寿司;箱物
箱詰め;はこづめ;packing into a box;n, vs, vt;0;;;;;;;;;;;
箱寿司;はこずし;oshizushi;n;0;;;;;;;;;;;
箱物;はこもの;public building;n;0;;;;;;;;;;;
橋;はし;bridge;n;5;Are we going to cross this bridge?;この<ruby>橋<rt>はし</rt></ruby>を<ruby>渡<rt>わた</rt></ruby>るの？;bridge;n;;;;;橋掛かり;橋かけ;懸け橋
橋掛かり;はしがかり;covered bridge passageway connecting the backstage (mirror room) to the noh stage;n;0;;;;;;;;;;;
橋かけ;はしかけ;bridge-building;n;0;;;;;;;;;;;
懸け橋;かけはし;temporary (suspension) bridge;n;0;;;;;;;;;;;
箸;はし;chopsticks;n;5;I'm not very good with chopsticks.;お<ruby>箸<rt>はし</rt></ruby>が<ruby>苦手<rt>にがて</rt></ruby>なの。;chopsticks;n;;;;;箸が転んでもおかしい年頃;箸にも棒にも引っかからない;箸置き
箸が転んでもおかしい年頃;はしがころんでもおかしいとしごろ;age at which even the slightest things seem funny (esp. said of girls in their late teens);exp, n;0;;;;;;;;;;;
箸にも棒にも引っかからない;はしにもぼうにもひっかからない;hopeless;exp, adj-i;0;;;;;;;;;;;
箸置き;はしおき;chopstick rest;n;0;;;;;;;;;;;
始まる;はじまる;(something) begins;v5r, vi;5;It begins!;<ruby>始<rt>はじ</rt></ruby>まる！;to begin, to start, to commence;v5r, vi;to happen (again), to begin (anew);v5r, vi;to date (from), to originate (in);v5r, vi;千里の行も足下に始まる;;
千里の行も足下に始まる;せんりのこうもそっかにはじまる;a journey of a thousand miles begins with a single step;exp, v5r;0;;;;;;;;;;;
初め, 始め;はじめ;beginning, start;n, adv;5;For the first time, he stood to take a real interest in his studies.;<ruby>初<rt>はじ</rt></ruby>めて、<ruby>彼<rt>かれ</rt></ruby>は<ruby>勉強<rt>べんきょう</rt></ruby>に<ruby>本当<rt>ほんとう</rt></ruby>の<ruby>関心<rt>かんしん</rt></ruby>を<ruby>示<rt>しめ</rt></ruby>し<ruby>始<rt>はじ</rt></ruby>めた。;beginning, start, outset, opening;n, adv;first (in line, etc.);n;origin;n;初めのうち;初めに;初めて
初めのうち;はじめのうち;at first;exp;0;;;;;;;;;;;
初めに;はじめに;first;exp;0;;;;;;;;;;;
初めて;はじめて;for the first time;adv, adj-no;0;;;;;;;;;;;
初めて;はじめて;for the first time;adv, adj-no;5;First time?;<ruby>初<rt>はじ</rt></ruby>めてだろ？;for the first time;adv, adj-no;only after ... is it ..., only when ... do you ..., not until ... do you ...;adv;first time, (one's) first;n;生まれて初めて;になって初めて;
生まれて初めて;うまれてはじめて;for the first time in one's life;exp, adv;0;;;;;;;;;;;
になって初めて;になってはじめて;(it was) not until;exp;0;;;;;;;;;;;
走る;はしる;to run;v5r, vi;5;I run.;<ruby>私<rt>わたし</rt></ruby>は<ruby>走<rt>はし</rt></ruby>る。;to run;v5r, vi;to run (of a vehicle), to drive, to travel, to move, to sail;v5r, vi;to rush (to), to dash, to race;v5r, vi;虫唾が走る;突っ走る;鞘走る
虫唾が走る;むしずがはしる;to be disgusted;exp, v5r;0;;;;;;;;;;;
突っ走る;つっぱしる;to run swiftly;v5r, vi;0;;;;;;;;;;;
鞘走る;さやばしる;to slip out of one's scabbard (of swords);v5r;0;;;;;;;;;;;
バス;バス;bus, bath, bass;n;5;Are you good at basketball?;<ruby>バスケ<rt>ばすけ</rt></ruby><ruby>得意<rt>とくい</rt></ruby>？;bus;n;;;;;バストパッド;バスマスター;バスチェア
バストパッド;バストパッド;bra pad;n;0;;;;;;;;;;;
バスマスター;バスマスター;bus master;n;0;;;;;;;;;;;
バスチェア;バスチェア;bath chair;n;0;;;;;;;;;;;
バター;バター;butter;n;5;Where's the butter?;<ruby>バター<rt>ばたー</rt></ruby>はどこ？;butter;n;;;;;バターピーナッツ;バターソース;バタードチャイルド
バターピーナッツ;バターピーナッツ;shelled skinless peanuts prepared in butter;n;0;;;;;;;;;;;
バターソース;バターソース;butter sauce;n;0;;;;;;;;;;;
バタードチャイルド;バタードチャイルド;battered child (syndrome);n;0;;;;;;;;;;;
二十歳;はたち;20 years old;n;5;Laurie is twenty years old.;<ruby>ローリー<rt>ろーりー</rt></ruby>は<ruby>二十歳<rt>はたち</rt></ruby>だ。;20 years old;n;twenty;n;;;;;
働く;はたらく;to work;v5k, vi;5;We have no alternative but to work.;<ruby>働<rt>はたら</rt></ruby>くしかない。;to work, to labor, to labour;v5k, vi;to function, to operate, to be effective, to work (i.e. ... works), to come into play;v5k, vi;to commit (e.g. a crime), to perpetrate, to do, to act, to practise, to practice;v5k, vi;立ち働く;こつこつ働く;勤め働く
立ち働く;たちはたらく;to be busy at work;v5k, vi;0;;;;;;;;;;;
こつこつ働く;こつこつはたらく;to work hard;exp, v5k;0;;;;;;;;;;;
勤め働く;つとめはたらく;to work diligently;v5k;0;;;;;;;;;;;
八;はち;eight;num;5;He is eighty years old.;<ruby>八十歳<rt>はちじゅうさい</rt></ruby>です。;eight, 8;num;;;;;八箇年;八つ橋;八幡の藪知らず
八箇年;はちかねん;octennial;adj-f;0;;;;;;;;;;;
八つ橋;やつはし;yatsuhashi;n;0;;;;;;;;;;;
八幡の藪知らず;やわたのやぶしらず;Yawata no Yabushirazu (bamboo grove in Chiba, impossible to find one's way out of according to popular legend);exp, n;0;;;;;;;;;;;
二十日;はつか;twenty days, twentieth (day of the month);n;5;Today is Friday, the twentieth of October.;<ruby>今日<rt>こんにち</rt></ruby>は<ruby>金曜日<rt>きんようび</rt></ruby>、<ruby>十月<rt>じゅうがつ</rt></ruby><ruby>二十日<rt>はつか</rt></ruby>だ。;20th day of the month;n;20 days;n;;;二十日鼠;二十日大根;二十日正月
二十日鼠;はつかねずみ;house mouse (Mus musculus);n;0;;;;;;;;;;;
二十日大根;はつかだいこん;radish (Raphanus sativus var. sativus);n;0;;;;;;;;;;;
二十日正月;はつかしょうがつ;twentieth day of the first month (end of New Year celebrations, upon which remaining New Year's food is eaten, decorations are stowed away, etc.);n;0;;;;;;;;;;;
花;はな;flower;n;5;Is the flower real?;<ruby>本物<rt>ほんもの</rt></ruby>の<ruby>花<rt>はな</rt></ruby>？;flower, blossom, bloom, petal;n;cherry blossom;n;beauty;n;花かるた;花びら;花婿
花かるた;はなカルタ;hanafuda;n;0;;;;;;;;;;;
花びら;はなびら;petal;n;0;;;;;;;;;;;
花婿;はなむこ;bridegroom;n;0;;;;;;;;;;;
鼻;はな;nose;n;5;You are talking through the nose.;<ruby>鼻声<rt>はなごえ</rt></ruby>だね。;nose;n;;;;;鼻くそ;鼻衝;鼻をつまむ
鼻くそ;はなくそ;nasal discharge;n;0;;;;;;;;;;;
鼻衝;はなつき;meeting head on;n;0;;;;;;;;;;;
鼻をつまむ;はなをつまむ;to hold one's nose;exp, v5m;0;;;;;;;;;;;
話;はなし;talk (chat), story;n;5;To talk.;<ruby>話<rt>はな</rt></ruby>す。;talk, speech, chat, conversation;n;topic, subject;n;discussions, negotiation, argument;n;話しぶり;話し合う;話し言葉
話しぶり;はなしぶり;way of talking;n;0;;;;;;;;;;;
話し合う;はなしあう;to discuss;v5u, vt;0;;;;;;;;;;;
話し言葉;はなしことば;spoken language;n;0;;;;;;;;;;;
話す;はなす;to speak;v5s, vt;5;To talk.;<ruby>話<rt>はな</rt></ruby>す。;to talk, to speak, to converse, to chat;v5s, vt;to tell, to explain, to narrate, to mention, to describe, to discuss;v5s, vt;to speak (a language);v5s, vt;ほそぼそ話す;事情を話す;腹を割って話す
ほそぼそ話す;ほそぼそはなす;to speak slowly and quietly;v5s;0;;;;;;;;;;;
事情を話す;じじょうをはなす;to explain the situation;exp, v5s;0;;;;;;;;;;;
腹を割って話す;はらをわってはなす;to speak frankly;exp, v5s;0;;;;;;;;;;;
母;はは;(my) mother;n;5;I resemble my mother.;<ruby>母<rt>はは</rt></ruby><ruby>似<rt>じ</rt></ruby>です。;mother;n;;;;;母ザル;親子丼;母屋
母ザル;ははざる;mother monkey;n;0;;;;;;;;;;;
親子丼;おやこどん;oyakodon;n;0;;;;;;;;;;;
母屋;おもや;main building (of a manor);n;0;;;;;;;;;;;
早い;はやい;early;adj-i;5;You are early.;<ruby>早<rt>はや</rt></ruby>いじゃん。;fast, quick, rapid, swift, speedy, brisk, prompt;adj-i;early, soon, earlier than usual;adj-i;premature, too soon, too early;adj-i;早いとこ;早い者勝ち;早いこと
早いとこ;はやいとこ;promptly;exp, adv;0;;;;;;;;;;;
早い者勝ち;はやいものがち;first come, first served;exp;0;;;;;;;;;;;
早いこと;はやいこと;quickly;exp, adv;0;;;;;;;;;;;
速い;はやい;fast, quick;adj-i;5;The car is fast.;<ruby>車<rt>くるま</rt></ruby>は<ruby>速<rt>はや</rt></ruby>いな。;fast, quick, rapid, swift, speedy, brisk, prompt;adj-i;early, soon, earlier than usual;adj-i;premature, too soon, too early;adj-i;素早い;早ければ早いほど良い;足速い
素早い;すばやい;quick;adj-i;0;;;;;;;;;;;
早ければ早いほど良い;はやければはやいほどいい;the sooner, the better;exp;0;;;;;;;;;;;
足速い;あしばやい;swift-footed;adj-i;0;;;;;;;;;;;
春;はる;spring;n, adv;5;In spring, the dawn.;<ruby>春<rt>はる</rt></ruby>は<ruby>曙<rt>あけぼの</rt></ruby>。;spring, springtime;n, adv;New Year;n;prime (of life), height (of one's prosperity), heyday;n;春祭り;春をひさぐ;春物
春祭り;はるまつり;spring festival;n;0;;;;;;;;;;;
春をひさぐ;はるをひさぐ;to engage in prostitution;exp, v5g;0;;;;;;;;;;;
春物;はるもの;spring clothing;n;0;;;;;;;;;;;
貼る;はる;to post, to paste, to attach;v5r, vt;5;;;to stick, to paste, to affix;v5r, vt;to stretch, to spread, to strain, to tighten, to put up (e.g. a tent);v5r, vi, vt;to form (e.g. ice on a pond);v5r, vi;レッテルを貼る;障子貼る;タイルを貼る
レッテルを貼る;レッテルをはる;to label (someone as);exp, v5r;0;;;;;;;;;;;
障子貼る;しょうじはる;to clean and repaper shoji in preparation for winter;v5r, vi;0;;;;;;;;;;;
タイルを貼る;タイルをはる;to tile (floor, wall, etc.);exp, v5r;0;;;;;;;;;;;
晴れ;はれ;clear (sunny) weather;n, adj-no;5;Is it sunny outside?;<ruby>外<rt>そと</rt></ruby>は<ruby>晴<rt>は</rt></ruby>れてる？;clear weather, fine weather;n, adj-no;formal, ceremonial, public;adj-no, n;cleared of suspicion;adj-no, n;晴れ晴れ;晴れ渡る;五月晴れ
晴れ晴れ;はればれ;bright;adv, adv-to, vs;0;;;;;;;;;;;
晴れ渡る;はれわたる;to clear up;v5r, vi;0;;;;;;;;;;;
五月晴れ;さつきばれ;fine weather during the rainy season;n;0;;;;;;;;;;;
晴れる;はれる;to be sunny;v1, vi;5;I think it will be fine.;<ruby>晴<rt>は</rt></ruby>れると<ruby>思<rt>おも</rt></ruby>う。;to clear up, to clear away, to be sunny, to stop raining;v1, vi;to refresh (e.g. spirits);v1, vi;to be cleared (e.g. of a suspicion);v1, vi;疑いが晴れる;気が晴れる;
疑いが晴れる;うたがいがはれる;to be cleared of a charge;exp, v1;0;;;;;;;;;;;
気が晴れる;きがはれる;to feel refreshed;exp, v1;0;;;;;;;;;;;
半;はん;half (e.g., にじはん | half-past two);n-pref, n;5;It's half past four.;4<ruby>時半<rt>じはん</rt></ruby>です。;half, semi-, partial;n-pref, n;half-past;n-suf;odd number;n;半切;半纏;半田ごて
半切;はんせつ;cutting in half;n, vs;0;;;;;;;;;;;
半纏;はんてん;traditional short winter coat resembling a haori without gussets;n;0;;;;;;;;;;;
半田ごて;はんだごて;soldering iron;n;0;;;;;;;;;;;
晩;ばん;evening;n, adv;5;What's for dinner?;<ruby>晩<rt>ばん</rt></ruby>ご<ruby>飯<rt>めし</rt></ruby>は<ruby>何<rt>なに</rt></ruby>？;evening, night;n, adv;dinner, evening meal;n;counter for nights;ctr;晩御飯;奥手;晩飯
晩御飯;ばんごはん;dinner;n;0;;;;;;;;;;;
奥手;おくて;late-growing rice;n;0;;;;;;;;;;;
晩飯;ばんめし;dinner;n;0;;;;;;;;;;;
～番;～ばん;~st, ~th best;n, n-suf;5;Is it my turn?;<ruby>私<rt>わたし</rt></ruby>の<ruby>番<rt>ばん</rt></ruby>？;number (in a series);n, n-suf;(one's) turn;n;watch, guard, lookout;n;番付;番目;番える
番付;ばんづけ;ranked list (entertainers, sumo wrestlers, millionaires, etc.);n;0;;;;;;;;;;;
番目;ばんめ;the nth ...;ctr;0;;;;;;;;;;;
番える;つがえる;to nock (an arrow);v1, vt;0;;;;;;;;;;;
パン;パン;bread;n;5;I bought some bread.;<ruby>パン<rt>ぱん</rt></ruby><ruby>買<rt>か</rt></ruby>ったよ。;bread, (sweet) pastry;n;staff of life, one's bread;n;;;パンこね機;パン焼き機;パンティーストッキング
パンこね機;パンこねき;kneader;n;0;;;;;;;;;;;
パン焼き機;パンやきき;bread baking machine;n;0;;;;;;;;;;;
パンティーストッキング;パンティーストッキング;pantyhose;n;0;;;;;;;;;;;
ハンカチ;ハンカチ;handkerchief;n;5;He wiped his hands on a handkerchief.;<ruby>彼<rt>かれ</rt></ruby>は<ruby>ハンカチ<rt>はんかち</rt></ruby>で<ruby>手<rt>て</rt></ruby>をふいた。;handkerchief;n;;;;;ハンカチ落とし;ハンカチの木;ハンカチーフ
ハンカチ落とし;ハンカチおとし;"""drop the handkerchief"" children's game";n;0;;;;;;;;;;;
ハンカチの木;ハンカチのき;handkerchief tree (Davidia involucrata);exp, n;0;;;;;;;;;;;
ハンカチーフ;ハンカチーフ;handkerchief;n;0;;;;;;;;;;;
番号;ばんごう;number, series of digits;n;5;What's the number?;<ruby>電話番号<rt>でんわばんごう</rt></ruby>、<ruby>何番<rt>なんばん</rt></ruby>？;number, series of digits;n;;;;;携帯番号;ＦＡＸ番号;番号記号
携帯番号;けいたいばんごう;mobile phone number;n;0;;;;;;;;;;;
ＦＡＸ番号;ファックスばんごう;fax number;n;0;;;;;;;;;;;
番号記号;ばんごうきごう;number sign;n;0;;;;;;;;;;;
晩御飯;ばんごはん;dinner, evening meal;n;5;Mother is busy cooking the dinner.;<ruby>母<rt>はは</rt></ruby>は<ruby>晩御飯<rt>ばんごはん</rt></ruby>の<ruby>支度<rt>したく</rt></ruby>で<ruby>忙<rt>いそが</rt></ruby>しい。;dinner, evening meal;n;;;;;;;
半分;はんぶん;half;adv, n;5;Give me half of it.;<ruby>半分<rt>はんぶん</rt></ruby>よこせ。;half;adv, n;;;;;半分こ;半分冗談;面白半分
半分こ;はんぶんこ;halfsies;n, vs, vt;0;;;;;;;;;;;
半分冗談;はんぶんじょうだん;(talking in a) half-joking manner;exp, n;0;;;;;;;;;;;
面白半分;おもしろはんぶん;for fun;adj-na, n;0;;;;;;;;;;;
東;ひがし;east;n;5;I'm at Tokyo Station now.;<ruby>東京駅<rt>とうきょうえき</rt></ruby>なう。;east;n;;;;;東入ル;東京;東亜
東入ル;ひがしいる;east of;exp;0;;;;;;;;;;;
東京;とうきょう;Tokyo;n;0;;;;;;;;;;;
東亜;とうあ;East Asia;n;0;;;;;;;;;;;
～匹;～ひき;counter for small animals;ctr;5;I have 3 cats.;<ruby>猫<rt>ねこ</rt></ruby>が<ruby>三匹<rt>さんびき</rt></ruby>います。;counter for small animals;ctr;counter for rolls of cloth (two han in size);ctr;counter for horses;ctr;三匹のこぶた;匹偶;大山鳴動して鼠一匹
三匹のこぶた;さんぴきのこぶた;The Three Little Pigs (fable);n;0;;;;;;;;;;;
匹偶;ひつぐう;pair;n, vs;0;;;;;;;;;;;
大山鳴動して鼠一匹;たいざんめいどうしてねずみいっぴき;much ado about nothing;exp;0;;;;;;;;;;;
引く;ひく;to pull, to draw, subtract;v5k, vt;5;You'll catch a cold.;<ruby>風邪<rt>かぜ</rt></ruby><ruby>引<rt>ひ</rt></ruby>くよ。;to pull, to tug, to lead (e.g. a horse);v5k, vt;to draw (attention, sympathy, etc.), to attract (e.g. interest);v5k, vt;to draw back (e.g. one's hand), to draw in (one's chin, stomach, etc.), to pull in;v5k, vt;引く手あまた;手ぐすね引く;立て引く
引く手あまた;ひくてあまた;being very popular;n;0;;;;;;;;;;;
手ぐすね引く;てぐすねひく;to be ready and waiting;exp, v5k;0;;;;;;;;;;;
立て引く;たてひく;to compete with each other (e.g. out of pride, obstinacy, etc.);v5k;0;;;;;;;;;;;
弾く;ひく;to play (a string instrument or piano);v5k, vt;5;Do you play the guitar?;<ruby>君<rt>くん</rt></ruby>は<ruby>ギター<rt>ぎたー</rt></ruby><ruby>弾<rt>ひ</rt></ruby>く？;to play (a stringed or keyboard instrument);v5k, vt;;;;;つま弾く;そろばんを弾く;
つま弾く;つまびく;to strum;v5k, vt;0;;;;;;;;;;;
そろばんを弾く;そろばんをはじく;to count on the abacus;exp, v5k;0;;;;;;;;;;;
低い;ひくい;short, low;adj-i;5;I have low blood pressure.;<ruby>血圧<rt>けつあつ</rt></ruby>が<ruby>低<rt>ひく</rt></ruby>いんだ。;low (rank, degree, value, content, quality, etc.);adj-i;low (position), close to the ground;adj-i;short (height);adj-i;低い優先順位;背が低い;背の低い
低い優先順位;ひくいゆうせんじゅんい;low priority (e.g. cell);n;0;;;;;;;;;;;
背が低い;せがひくい;short (of a person);exp, adj-i;0;;;;;;;;;;;
背の低い;せのひくい;short (of a person);exp, adj-i;0;;;;;;;;;;;
飛行機;ひこうき;airplane;n;5;I made a paper plane.;<ruby>紙飛行機<rt>かみひこうき</rt></ruby>だよ。;airplane, aeroplane, plane, aircraft;n;;;;;飛行機雲;飛行機酔い;飛行機恐怖症
飛行機雲;ひこうきぐも;contrail;n;0;;;;;;;;;;;
飛行機酔い;ひこうきよい;airsickness;n;0;;;;;;;;;;;
飛行機恐怖症;ひこうききょうふしょう;fear of flying;n;0;;;;;;;;;;;
左;ひだり;left hand side;n, adj-no;5;Are you left-handed?;<ruby>左利<rt>ひだりき</rt></ruby>きなの？;left, left-hand side;n, adj-no;left hand;n;the left (wing), leftist;n;左利き;左隣;左万字
左利き;ひだりきき;left-handedness;n, adj-no;0;;;;;;;;;;;
左隣;ひだりどなり;neighbour to the left (person, building, etc.);n, adj-no;0;;;;;;;;;;;
左万字;ひだりまんじ;left-facing swastika;n;0;;;;;;;;;;;
人;ひと;man, person;n;5;Are you a morning person?;<ruby>朝型<rt>あさがた</rt></ruby><ruby>人間<rt>にんげん</rt></ruby>？;person, someone, somebody;n;human beings, mankind, man, people, humans;n;human (Homo sapiens);n;人間到る処青山あり;人ごみ;人雪崩
人間到る処青山あり;にんげんいたるところせいざんあり;home is wherever one lays one's hat;exp;0;;;;;;;;;;;
人ごみ;ひとごみ;crowd of people;n;0;;;;;;;;;;;
人雪崩;ひとなだれ;surging crowd;n;0;;;;;;;;;;;
一つ;ひとつ;one thing;num;5;One is blue.;<ruby>一<rt>ひと</rt></ruby>つは<ruby>青<rt>あお</rt></ruby>。;one;num;for one thing;n;only;n;一つずつ;一つ穴のむじな;一つ一つ
一つずつ;ひとつずつ;one by one;adv, adj-no;0;;;;;;;;;;;
一つ穴のむじな;ひとつあなのむじな;gang;exp, n;0;;;;;;;;;;;
一つ一つ;ひとつひとつ;one-by-one;adv, adj-no;0;;;;;;;;;;;
一月;ひとつき;one month;n;5;I met him in January.;<ruby>一月<rt>いちがつ</rt></ruby>に<ruby>彼<rt>かれ</rt></ruby>に<ruby>会<rt>あ</rt></ruby>いました。;one month;n;;;;;１１月;丸一月;十一月革命
１１月;じゅういちがつ;November;n;0;;;;;;;;;;;
丸一月;まるひとつき;the whole month;n;0;;;;;;;;;;;
十一月革命;じゅういちがつかくめい;October Revolution (Russia, 1917);n;0;;;;;;;;;;;
一人;ひとり;one person;n;5;Are you alone?;<ruby>一人<rt>ひとり</rt></ruby>かい？;one person;n;being alone, being by oneself;n;being single, being unmarried;n;一人飯;一人一人;一人前
一人飯;ひとりめし;eating alone;n;0;;;;;;;;;;;
一人一人;ひとりひとり;each (person);adv, n;0;;;;;;;;;;;
一人前;いちにんまえ;one portion;n;0;;;;;;;;;;;
暇;ひま;free time, leisure;n;5;Are you free tomorrow?;<ruby>明日<rt>あした</rt></ruby><ruby>暇<rt>ひま</rt></ruby>？;spare time, free time, leisure;n;time (it takes to do something), time required;n;time off, leave, vacation, holiday;n;暇つぶし;暇がない;暇なとき
暇つぶし;ひまつぶし;killing time;n;0;;;;;;;;;;;
暇がない;ひまがない;busy;exp, adj-i;0;;;;;;;;;;;
暇なとき;ひまなとき;free time;exp, n;0;;;;;;;;;;;
百;ひゃく;hundred;num;5;Scant difference.;<ruby>五十歩百歩<rt>ごじゅっぽひゃっぽ</rt></ruby>。;hundred, 100;num;;;;;ゆりの木;百叩き;百日咳
ゆりの木;ゆりのき;tulip tree (Liriodendron tulipifera);exp, n;0;;;;;;;;;;;
百叩き;ひゃくたたき;a hundred lashes;n;0;;;;;;;;;;;
百日咳;ひゃくにちぜき;whooping cough;n;0;;;;;;;;;;;
病院;びょういん;hospital;n;5;I went to the hospital.;<ruby>病院<rt>びょういん</rt></ruby>に<ruby>行<rt>い</rt></ruby>った。;hospital, clinic, doctor's office, doctor's surgery, infirmary;n;;;;;こども病院;病院船;病院を訪れる
こども病院;こどもびょういん;children's hospital;n;0;;;;;;;;;;;
病院船;びょういんせん;hospital ship;n;0;;;;;;;;;;;
病院を訪れる;びょういんをおとずれる;to visit (someone) in hospital;exp, v1;0;;;;;;;;;;;
病気;びょうき;illness, sickness;n;5;I'm sick.;<ruby>病気<rt>びょうき</rt></ruby>です。;illness (usu. excluding minor ailments, e.g. common cold), disease, sickness;n;bad habit, bad behaviour, weakness, failing;n;crazy, insane, disturbed, sick in the head;adj-no;病気がち;病気にかかる;病気になる
病気がち;びょうきがち;proneness to being ill;n, adj-na, adj-no;0;;;;;;;;;;;
病気にかかる;びょうきにかかる;to contract a disease;exp, v5r;0;;;;;;;;;;;
病気になる;びょうきになる;to fall ill;exp, v5r;0;;;;;;;;;;;
平仮名;ひらがな;hiragana;n;5;I can write hiragana, but I can't yet write katakana.;<ruby>平仮名<rt>ひらがな</rt></ruby>は<ruby>書<rt>か</rt></ruby>けるんだけど、<ruby>片仮名<rt>かたかな</rt></ruby>はまだ<ruby>書<rt>か</rt></ruby>けないんだ。;hiragana, cursive Japanese syllabary used primarily for native Japanese words (esp. function words, inflections, etc.);n;;;;;ひらがな表記;;
ひらがな表記;ひらがなひょうき;representation in hiragana;n;0;;;;;;;;;;;
昼;ひる;noon, daytime;n;5;Why don't you take a nap?;<ruby>昼寝<rt>ひるね</rt></ruby>したら？;noon, midday;n;daytime;n, adv;lunch;n;昼飯;昼ご飯;昼日中
昼飯;ひるめし;lunch;n;0;;;;;;;;;;;
昼ご飯;ひるごはん;lunch;n;0;;;;;;;;;;;
昼日中;ひるひなか;daytime;exp, n, adv;0;;;;;;;;;;;
昼御飯;ひるごはん;lunch, midday meal;n;5;;;lunch, midday meal;n;;;;;;;
広い;ひろい;spacious, wide, broad;adj-i;5;God, this place is huge!;<ruby>広<rt>ひろ</rt></ruby>いな！;spacious, vast, wide;adj-i;;;;;だだっ広い;広い支持;広い額
だだっ広い;だだっぴろい;excessively spacious;adj-i;0;;;;;;;;;;;
広い支持;ひろいしじ;broad support;exp, n;0;;;;;;;;;;;
広い額;ひろいひたい;high brow;exp, n;0;;;;;;;;;;;
フィルム;フィルム;film (roll of);n;5;My film has run out.;<ruby>フィルム<rt>ふぃるむ</rt></ruby>が<ruby>切<rt>き</rt></ruby>れた。;film;n;;;;;フィルムライブラリー;フィルムスキャナ;フィルムネット
フィルムライブラリー;フィルムライブラリー;film library;n;0;;;;;;;;;;;
フィルムスキャナ;フィルムスキャナ;film scanner;n;0;;;;;;;;;;;
フィルムネット;フィルムネット;film net;n;0;;;;;;;;;;;
封筒;ふうとう;envelope;n;5;I need an envelope.;<ruby>封筒<rt>ふうとう</rt></ruby>がいる。;envelope;n;;;;;返信用の封筒;返信用封筒;返信料封筒
返信用の封筒;へんしんようのふうとう;self-addressed stamped envelope;n;0;;;;;;;;;;;
返信用封筒;へんしんようふうとう;self-addressed stamped envelope;n;0;;;;;;;;;;;
返信料封筒;へんしんりょうふうとう;return, postage-paid envelope;n;0;;;;;;;;;;;
プール;プール;swimming pool;n;5;Do you have a pool?;<ruby>プール<rt>ぷーる</rt></ruby>があるの？;(swimming) pool;n;pool (cue sport);n;pooling (money, resources, etc.);n, vs, vt;プールバー;プール制;プール熱
プールバー;プールバー;pool bar;n;0;;;;;;;;;;;
プール制;プールせい;pool system;n;0;;;;;;;;;;;
プール熱;プールねつ;pharyngoconjunctival fever;n;0;;;;;;;;;;;
フォーク;フォーク;fork;n;5;I'd like a fork.;<ruby>フォーク<rt>ふぉーく</rt></ruby>を<ruby>下<rt>くだ</rt></ruby>さい。;fork;n;forkball;n;;;フォークソング;フォークアート;フォークダンス
フォークソング;フォークソング;folk song;n;0;;;;;;;;;;;
フォークアート;フォークアート;folk art;n;0;;;;;;;;;;;
フォークダンス;フォークダンス;folk dance;n;0;;;;;;;;;;;
吹く;ふく;to blow (wind, etc.);v5k, vi;5;The wind blows.;<ruby>風<rt>かぜ</rt></ruby>が<ruby>吹<rt>ふ</rt></ruby>く。;to blow (of the wind);v5k, vi;to blow (one's breath), to breathe out, to blow on (hot tea, candles, etc.), to puff;v5k, vt;to play (a wind instrument), to blow (a whistle, trumpet, etc.), to whistle (a tune);v5k, vt;羹に懲りて膾を吹く;ほら貝を吹く;し吹く
羹に懲りて膾を吹く;あつものにこりてなますをふく;a burnt child dreads the fire;exp, v5k;0;;;;;;;;;;;
ほら貝を吹く;ほらがいをふく;to blow a conch;exp, v5k;0;;;;;;;;;;;
し吹く;しぶく;to splash;v5k, vi;0;;;;;;;;;;;
服;ふく;clothes;n, n-suf;5;Let's have a cigarette.;<ruby>一服<rt>いっぷく</rt></ruby>しよう。;clothes (esp. Western clothes), clothing, dress, costume, suit, outfit;n, n-suf;counter for doses of medicine, gulps of tea, puffs of a cigarette, etc.;ctr;;;洋服ダンス;合服;燕尾服
洋服ダンス;ようふくダンス;wardrobe (esp. for Western clothes);n;0;;;;;;;;;;;
合服;あいふく;between-season wear;n;0;;;;;;;;;;;
燕尾服;えんびふく;tailcoat;n;0;;;;;;;;;;;
二つ;ふたつ;two things;num;5;Do not fold!;<ruby>二<rt>ふた</rt></ruby>つ<ruby>折<rt>お</rt></ruby>り<ruby>厳禁<rt>げんきん</rt></ruby>。;two;num;;;;;二つずつ;二つ目;二つとも
二つずつ;ふたつずつ;two at a time;adv, adj-no, n;0;;;;;;;;;;;
二つ目;ふたつめ;second (in a series);n;0;;;;;;;;;;;
二つとも;ふたつとも;both;adv;0;;;;;;;;;;;
豚肉;ぶたにく;pork;n;5;Is this beef or pork?;これは<ruby>牛肉<rt>ぎゅうにく</rt></ruby>？それとも<ruby>豚肉<rt>ぶたにく</rt></ruby>？;pork;n;;;;;豚肉商;;
豚肉商;とんにくしょう;pork butcher;n;0;;;;;;;;;;;
二人;ふたり;two people;n;5;Are you two friends?;<ruby>二人<rt>ふたり</rt></ruby>は<ruby>友達<rt>ともだち</rt></ruby>なの？;two persons, two people, pair, couple;n;;;;;二人ずつ;二人とも;二人きり
二人ずつ;ふたりずつ;two by two;adv, adj-no;0;;;;;;;;;;;
二人とも;ふたりとも;both (people);n, adv;0;;;;;;;;;;;
二人きり;ふたりきり;just the two of them;n;0;;;;;;;;;;;
二日;ふつか;two days, second day of the month;n;5;I have a hangover.;<ruby>二日酔<rt>ふつかよ</rt></ruby>いだ。;2nd day of the month;n;two days;n;;;二日酔い;二日間;１２日
二日酔い;ふつかよい;hangover;n, vs, vi;0;;;;;;;;;;;
二日間;ふつかかん;a period of two days;n;0;;;;;;;;;;;
１２日;じゅうににち;12th day of the month;n;0;;;;;;;;;;;
太い;ふとい;fat, thick;adj-i;5;This pen is thick.;この<ruby>ペン<rt>ぺん</rt></ruby>は<ruby>太<rt>ふと</rt></ruby>いです。;fat, thick;adj-i;deep (of a voice), thick, sonorous;adj-i;daring, shameless, brazen, audacious;adj-i;野太い;太い腕;太い声
野太い;のぶとい;audacious;adj-i;0;;;;;;;;;;;
太い腕;ふというで;big arm;exp, n;0;;;;;;;;;;;
太い声;ふといこえ;deep voice;exp;0;;;;;;;;;;;
冬;ふゆ;winter;n, adv;5;I want to hibernate.;<ruby>冬眠<rt>とうみん</rt></ruby>したい。;winter;n, adv;;;;;冬ごもり;冬葱;冬祭り
冬ごもり;ふゆごもり;hibernation;n, vs, vi;0;;;;;;;;;;;
冬葱;ふゆき;Welsh onion (Allium fistulosum);n;0;;;;;;;;;;;
冬祭り;ふゆまつり;winter festival;n;0;;;;;;;;;;;
降る;ふる;to precipitate, to fall (e.g., rain, snow, etc.);v5r, vi;5;It's snowing.;<ruby>雪<rt>ゆき</rt></ruby>が<ruby>降<rt>ふ</rt></ruby>る。;to fall (of rain, snow, ash, etc.), to come down;v5r, vi;to form (of frost);v5r, vi;to beam down (of sunlight or moonlight), to pour in;v5r, vi;猫耳を洗うと雨が降る;雨が降る;天下る
猫耳を洗うと雨が降る;ねこみみをあらうとあめがふる;if a cat washes its ears, rain is coming;exp, v5r;0;;;;;;;;;;;
雨が降る;あめがふる;to rain;exp, v5r;0;;;;;;;;;;;
天下る;あまくだる;to descend from heaven;v5r, vi;0;;;;;;;;;;;
古い;ふるい;old (in reference to objects, not people), aged, ancient;adj-i;5;I like old things.;<ruby>古<rt>ふる</rt></ruby>い<ruby>物<rt>もの</rt></ruby>が<ruby>好<rt>す</rt></ruby>きだだ;old, aged, ancient, antiquated, antique, timeworn;adj-i;long, since long ago, time-honored;adj-i;of the distant past, long-ago;adj-i;古い革袋に新しい酒を盛る;新しい酒は古い革袋に入れる;頭が古い
古い革袋に新しい酒を盛る;ふるいかわぶくろにあたらしいさけをもる;to pour new wine into old wineskins;exp, v5r;0;;;;;;;;;;;
新しい酒は古い革袋に入れる;あたらしいさけはふるいかわぶくろにいれる;to put new wine into old wineskins;exp;0;;;;;;;;;;;
頭が古い;あたまがふるい;old-fashioned (in one's way of thinking);exp, adj-i;0;;;;;;;;;;;
～分;～ふん;~ minutes;n;5;I understand.;<ruby>分<rt>わ</rt></ruby>かる。;minute (unit of time);n;fun (one tenth of a monme, 5.787 grains);n;;;分けつ;分かち合う;分かりきった
分けつ;ぶんけつ;tiller;n, vs, vi;0;;;;;;;;;;;
分かち合う;わかちあう;to share;v5u, vt;0;;;;;;;;;;;
分かりきった;わかりきった;obvious;exp, adj-f;0;;;;;;;;;;;
文章;ぶんしょう;sentence, text;n;5;That's an interesting sentence.;<ruby>興味深<rt>きょうみぶか</rt></ruby>い<ruby>文章<rt>ぶんしょう</rt></ruby>だね。;writing, composition, essay, article, passage, prose, (writing) style;n;sentence;n;;;文章語;文章論;文章題
文章語;ぶんしょうご;word used mainly in writing;n;0;;;;;;;;;;;
文章論;ぶんしょうろん;syntax;n;0;;;;;;;;;;;
文章題;ぶんしょうだい;story (verbal) problem;n;0;;;;;;;;;;;
ページ;ページ;a page;n, ctr;5;What page?;<ruby>何<rt>なに</rt></ruby><ruby>ページ<rt>ぺーじ</rt></ruby>？;page;n, ctr;nth page, page ...;n-suf;;;ページプリンタ;ページ番号を付ける;ページアウト
ページプリンタ;ページプリンタ;page printer;n;0;;;;;;;;;;;
ページ番号を付ける;ページばんごうをつける;to paginate;exp, v1;0;;;;;;;;;;;
ページアウト;ページアウト;page out;n;0;;;;;;;;;;;
下手;へた;unskillful, poor;adj-na, n;5;His handwriting is poor.;<ruby>彼<rt>かれ</rt></ruby>は<ruby>字<rt>じ</rt></ruby>が<ruby>下手<rt>へた</rt></ruby>だ。;unskillful, poor, awkward;adj-na, n;imprudent, untactful;adj-na, n;;;下手くそ;下手な鉄砲も数撃てば当たる;下手投げ
下手くそ;へたくそ;unskilled;adj-na, n;0;;;;;;;;;;;
下手な鉄砲も数撃てば当たる;へたなてっぽうもかずうてばあたる;even the unskilled can succeed by a fluke given enough tries;exp, v5r;0;;;;;;;;;;;
下手投げ;したてなげ;underhand throw;n;0;;;;;;;;;;;
ベッド;ベッド;bed;n;5;It's under the bed.;<ruby>ベッド<rt>べっど</rt></ruby>の<ruby>下<rt>した</rt></ruby>よ。;bed;n;;;;;ベッドメイキング;ベッドパッド;ベッドメイク
ベッドメイキング;ベッドメイキング;bedmaking;n, vs, vi;0;;;;;;;;;;;
ベッドパッド;ベッドパッド;mattress pad;n;0;;;;;;;;;;;
ベッドメイク;ベッドメイク;bedmaking (at a hotel, etc.);n;0;;;;;;;;;;;
ペット;ペット;pet;n;5;Do you have any pets?;<ruby>ペット<rt>ぺっと</rt></ruby>を<ruby>飼<rt>か</rt></ruby>ってますか？;pet;n;trumpet;n;;;ペットフード;ペットネーム;ペットショップ
ペットフード;ペットフード;pet food;n;0;;;;;;;;;;;
ペットネーム;ペットネーム;pet name;n;0;;;;;;;;;;;
ペットショップ;ペットショップ;pet shop;n;0;;;;;;;;;;;
部屋;へや;a room;n;5;The room is hot.;<ruby>部屋<rt>へや</rt></ruby>が<ruby>暑<rt>あつ</rt></ruby>い。;room, chamber;n;apartment, flat, pad;n;stable;n;部屋付け;部屋割り;部屋履き
部屋付け;へやづけ;putting (a charge) on the room (at a hotel);n;0;;;;;;;;;;;
部屋割り;へやわり;room allocation;n, vs, vi;0;;;;;;;;;;;
部屋履き;へやばき;(house) slippers;n;0;;;;;;;;;;;
辺;へん;area, vicinity;n;5;Does she live round here?;ここら<ruby>辺<rt>へん</rt></ruby>の<ruby>人<rt>にん</rt></ruby>？;area, vicinity, region;n;side, edge;n;circumstances;n;辺境;辺鄙;広大無辺
辺境;へんきょう;remote region;n, adj-no;0;;;;;;;;;;;
辺鄙;へんぴ;hard to reach place;adj-na, n;0;;;;;;;;;;;
広大無辺;こうだいむへん;boundless;adj-na, adj-no, n;0;;;;;;;;;;;
ペン;ペン;pen;n;5;Do you have a pen?;<ruby>ペン<rt>ぺん</rt></ruby>はある？;pen;n;;;;;ペンシルベニア;ペンキ塗りたて;ペン型
ペンシルベニア;ペンシルベニア;Pennsylvania;n;0;;;;;;;;;;;
ペンキ塗りたて;ペンキぬりたて;Wet Paint;exp;0;;;;;;;;;;;
ペン型;ペンがた;pen-shaped;n, adj-no;0;;;;;;;;;;;
勉強;べんきょう (する);study;n, vs, vt;5;I will study.;<ruby>勉強<rt>べんきょう</rt></ruby>する。;study;n, vs, vt;diligence, working hard;n, vs, vi;experience, knowledge, lesson (for the future);n;にわか勉強;くそ勉強;勉強中
にわか勉強;にわかべんきょう;cramming;n;0;;;;;;;;;;;
くそ勉強;くそべんきょう;studying like crazy;n, vs;0;;;;;;;;;;;
勉強中;べんきょうちゅう;while studying;exp;0;;;;;;;;;;;
便利;べんり;convenient, handy;adj-na;5;That comes in handy.;そりゃ<ruby>便利<rt>べんり</rt></ruby>だね。;convenient, handy, useful;adj-na;;;;;便利さ;便利屋;便利帳
便利さ;べんりさ;convenience;n;0;;;;;;;;;;;
便利屋;べんりや;handyman;n;0;;;;;;;;;;;
便利帳;べんりちょう;(convenience) guide;n;0;;;;;;;;;;;
帽子;ぼうし;hat, cap;n;5;Give me back my hat.;<ruby>帽子<rt>ぼうし</rt></ruby>、<ruby>返<rt>かえ</rt></ruby>して。;hat, cap;n;;;;;帽子掛け;帽子を取る;麦わら帽子
帽子掛け;ぼうしかけ;hat rack;n;0;;;;;;;;;;;
帽子を取る;ぼうしをとる;to take off one's hat;exp, v5r;0;;;;;;;;;;;
麦わら帽子;むぎわらぼうし;straw hat;n;0;;;;;;;;;;;
ボールペン;ボールペン;ball-point pen;n;5;;;ball-point pen;n;;;;;;;
外;ほか;other, the rest;n;5;Look outside!;<ruby>外見<rt>がいけん</rt></ruby>て！;another place, some other place, somewhere else, outside;n;another (person or thing), other, different, something else, someone else, the rest, et al.;n, adj-no;beyond (one's expectations, imagination, etc.), outside;n, adj-no;外堀;外郭;外付け
外堀;そとぼり;outer moat (of a castle);n;0;;;;;;;;;;;
外郭;がいかく;outer fence;n;0;;;;;;;;;;;
外付け;そとづけ;external (hard drive, disk drive, etc.);adj-no, n, vs;0;;;;;;;;;;;
ポケット;ポケット;pocket;n;5;Show me your pockets.;<ruby>ポケット<rt>ぽけっと</rt></ruby>を<ruby>見<rt>み</rt></ruby>せろ。;pocket;n;;;;;ポケットコンピューター;ポケットベル;ポケットマネー
ポケットコンピューター;ポケットコンピューター;pocket computer;n;0;;;;;;;;;;;
ポケットベル;ポケットベル;pager;n;0;;;;;;;;;;;
ポケットマネー;ポケットマネー;pocket money;n;0;;;;;;;;;;;
欲しい;ほしい;to want, in need of;adj-i;5;Do you want this?;これ<ruby>欲<rt>ほ</rt></ruby>しい？;wanting (to have), desiring, wishing for;adj-i;I want (you, them, etc.) to (do);adj-i, aux-adj;;;欲しいだけ;;
欲しいだけ;ほしいだけ;as much as one wants;exp, adj-no;0;;;;;;;;;;;
ポスト;ポスト;mailbox, post, position;n;5;Competition for the position is very intense.;<ruby>ポスト<rt>ぽすと</rt></ruby><ruby>争<rt>あらそ</rt></ruby>いは<ruby>厳<rt>いかめ</rt></ruby>しい。;postbox, mailbox, mail box, pillar box;n;post, position;n;post (e.g. goalpost);n;ポストイット;ポストオフィス;ポストマスタ
ポストイット;ポストイット;Post-it®;n;0;;;;;;;;;;;
ポストオフィス;ポストオフィス;post office;n;0;;;;;;;;;;;
ポストマスタ;ポストマスタ;postmaster;n;0;;;;;;;;;;;
細い;ほそい;thin, slender, fine;adj-i;5;I'm lonely.;<ruby>心細<rt>こころぼそ</rt></ruby>いの。;thin, slender, fine;adj-i;unlucky;adj-i;;;細い糸;細い字;心細い
細い糸;ほそいいと;fine thread;exp, n;0;;;;;;;;;;;
細い字;ほそいじ;slender character;exp, n;0;;;;;;;;;;;
心細い;こころぼそい;helpless;adj-i;0;;;;;;;;;;;
ボタン;ボタン;button;n;5;Press the button.;<ruby>ボタン<rt>ぼたん</rt></ruby>を<ruby>押<rt>お</rt></ruby>す。;button (clothing);n;push-button, button;n;;;ボタン穴;ボタンを掛け違える;ボタンの掛け違い
ボタン穴;ボタンあな;buttonhole;n;0;;;;;;;;;;;
ボタンを掛け違える;ボタンをかけちがえる;to button up wrong;exp, v1;0;;;;;;;;;;;
ボタンの掛け違い;ボタンのかけちがい;being at cross-purposes from the start;exp, n;0;;;;;;;;;;;
ホテル;ホテル;hotel;n;5;I'm at the hotel.;<ruby>今<rt>いま</rt></ruby>、<ruby>ホテル<rt>ほてる</rt></ruby>。;hotel;n;;;;;ホテルヘルス;ホテルレストラン;ホテル代
ホテルヘルス;ホテルヘルス;prostitution services in hotels;n;0;;;;;;;;;;;
ホテルレストラン;ホテルレストラン;hotel restaurant;n;0;;;;;;;;;;;
ホテル代;ホテルだい;hotel bill;n;0;;;;;;;;;;;
本;ほん;book;n;5;It is a book.;<ruby>本<rt>ほん</rt></ruby>だ。;book, volume, script;n;this, present, current, ... in question, ... at issue;pref;main, head, principal;pref;本腰を入れる;本生り;本卦還り
本腰を入れる;ほんごしをいれる;to set about in earnest;exp, v1;0;;;;;;;;;;;
本生り;もとなり;fruit grown near the root;n;0;;;;;;;;;;;
本卦還り;ほんけがえり;reaching age of 60;n;0;;;;;;;;;;;
～本;～ほん;counter for long cylindrical things;n;5;It is a book.;<ruby>本<rt>ほん</rt></ruby>だ。;book, volume, script;n;this, present, current, ... in question, ... at issue;pref;main, head, principal;pref;本腰を入れる;本生り;本卦還り
本腰を入れる;ほんごしをいれる;to set about in earnest;exp, v1;0;;;;;;;;;;;
本生り;もとなり;fruit grown near the root;n;0;;;;;;;;;;;
本卦還り;ほんけがえり;reaching age of 60;n;0;;;;;;;;;;;
本棚;ほんだな;bookshelf;n;5;John built a bookcase.;<ruby>ジョン<rt>じょん</rt></ruby>は<ruby>本棚<rt>ほんだな</rt></ruby>を<ruby>作<rt>つく</rt></ruby>った。;bookshelves, bookshelf, bookcase;n;;;;;;;
本当;ほんとう;real, true;n, adj-no, adj-na;5;Really?;<ruby>本当<rt>ほんとう</rt></ruby>に？;truth, reality, actuality, fact;n, adj-no, adj-na;proper, right, correct, official;adj-no, adj-na;genuine, authentic, real, natural, veritable;adj-no, adj-na;本当のところ;本当に;本当にまあ
本当のところ;ほんとうのところ;in truth;exp, adv;0;;;;;;;;;;;
本当に;ほんとうに;really;adv;0;;;;;;;;;;;
本当にまあ;ほんとうにまあ;how admirably;exp, adv;0;;;;;;;;;;;
～枚;～まい;counter for flat things;ctr;5;He's a comedian.;<ruby>彼<rt>かれ</rt></ruby>は<ruby>三枚目<rt>さんまいめ</rt></ruby>だ。;counter for thin, flat objects (e.g. sheets of paper, plates, coins);ctr;counter for portions of gyōza or soba;ctr;counter for ranks;ctr;枚挙にいとまがない;枚を銜む;枚組
枚挙にいとまがない;まいきょにいとまがない;too many to count;exp, adj-i;0;;;;;;;;;;;
枚を銜む;ばいをふくむ;to gag (a horse);exp, v5m;0;;;;;;;;;;;
枚組;まいぐみ;counter for collections or assemblies of flat objects (e.g. CDs, DVDs, etc.);ctr;0;;;;;;;;;;;
毎朝;まいあさ;every morning;n, adv;5;I jog every morning.;<ruby>毎朝<rt>まいあさ</rt></ruby>、<ruby>走<rt>はし</rt></ruby>ってるよ。;every morning;n, adv;;;;;;;
毎月;まいげつ, まいつき;every month, monthly;adv, n;5;This magazine is issued every month.;この<ruby>雑誌<rt>ざっし</rt></ruby>は<ruby>毎月<rt>まいつき</rt></ruby><ruby>出<rt>で</rt></ruby>る。;every month, each month, monthly;adv, n;;;;;;;
毎週;まいしゅう;every week;n, adv;5;Every week he goes fishing.;<ruby>毎週<rt>まいしゅう</rt></ruby><ruby>釣<rt>つ</rt></ruby>りに<ruby>行<rt>い</rt></ruby>く。;every week;n, adv;;;;;;;
毎日;まいにち;every day;n, adv;5;I live an ordinary life.;<ruby>平凡<rt>へいぼん</rt></ruby>な<ruby>毎日<rt>まいにち</rt></ruby>さ。;every day, daily;n, adv;;;;;毎日のように;毎日毎日;毎日更新
毎日のように;まいにちのように;almost every day;exp;0;;;;;;;;;;;
毎日毎日;まいにちまいにち;day after day;adv, adj-no;0;;;;;;;;;;;
毎日更新;まいにちこうしん;daily update;exp, n, vs;0;;;;;;;;;;;
毎年;まいねん, まいとし;every year, yearly, annually;adv, n;5;It's the same every year.;<ruby>毎年<rt>まいとし</rt></ruby><ruby>同<rt>おな</rt></ruby>じだよ。;every year, yearly, annually;adv, n;;;;;;;
毎晩;まいばん;every night;n, adv;5;I'll give you a ring every night.;<ruby>毎晩<rt>まいばん</rt></ruby><ruby>電話<rt>でんわ</rt></ruby>するよ。;every night;n, adv;;;;;;;
前;まえ;before, in front;n;5;What is your name?;<ruby>名前<rt>なまえ</rt></ruby>は<ruby>何<rt>なに</rt></ruby>？;in front (of), before (e.g. a building);n;before, earlier, previously, prior, ago, (minutes) to (the hour);n, adj-no, adv;(the) front, frontal part, fore, head (e.g. of a line);n, adj-no;前貼り;前つぼ;前カゴ
前貼り;まえばり;covering private parts (esp. actors during filming);n, vs;0;;;;;;;;;;;
前つぼ;まえつぼ;frontal sandal strap (between the toes);n;0;;;;;;;;;;;
前カゴ;まえカゴ;front basket (e.g. on a bicycle);n;0;;;;;;;;;;;
～前;～まえ;in front of ~;n;5;What is your name?;<ruby>名前<rt>なまえ</rt></ruby>は<ruby>何<rt>なに</rt></ruby>？;in front (of), before (e.g. a building);n;before, earlier, previously, prior, ago, (minutes) to (the hour);n, adj-no, adv;(the) front, frontal part, fore, head (e.g. of a line);n, adj-no;前貼り;前つぼ;前カゴ
前貼り;まえばり;covering private parts (esp. actors during filming);n, vs;0;;;;;;;;;;;
前つぼ;まえつぼ;frontal sandal strap (between the toes);n;0;;;;;;;;;;;
前カゴ;まえカゴ;front basket (e.g. on a bicycle);n;0;;;;;;;;;;;
曲る;まがる;to turn, to bend;v5r, vi;5;Do you know this tune?;この<ruby>曲<rt>きょく</rt></ruby><ruby>知<rt>し</rt></ruby>ってる？;to bend, to curve, to warp, to wind, to twist;v5r, vi;to turn;v5r, vi;to be awry, to be askew, to be crooked;v5r, vi;ひん曲がる;;
ひん曲がる;ひんまがる;to bend sharply;v5r, vi;0;;;;;;;;;;;
まずい;まずい;terrible (in reference to food), unappetizing, unpleasant (taste);adj-i;5;The fish doesn't taste good.;<ruby>魚<rt>さかな</rt></ruby>は<ruby>不味<rt>まず</rt></ruby>い。;bad(-tasting), unpalatable, unsavoury, unsavory, awful, terrible, unpleasant;adj-i;poor, unskillful, unskilful, bungling, clumsy;adj-i;ugly, unattractive, homely, plain;adj-i;ひもじい時にまずい物なし;気まずい;
ひもじい時にまずい物なし;ひもじいときにまずいものなし;hunger is the best sauce;exp;0;;;;;;;;;;;
気まずい;きまずい;unpleasant;adj-i;0;;;;;;;;;;;
また;また;and, furthermore;n;5;I'll see you later.;またね！;groin, thigh, crotch, crutch;n;fork (in a tree, road, river, etc.), tines (of a fork);n;;;股にかける;また逢う日まで;またお越しくださいませ
股にかける;またにかける;to travel all over;exp, v1;0;;;;;;;;;;;
また逢う日まで;またあうひまで;till we meet again;exp;0;;;;;;;;;;;
またお越しくださいませ;またおこしくださいませ;please come again;exp;0;;;;;;;;;;;
まだ;まだ;yet, still, besides;adv;5;She's my wife.;<ruby>妻<rt>つま</rt></ruby>だ。;still, as yet, only;adv;(not) yet;adv;more, (more) still;adv;斑雪;まだら模様;まだまだこれから
斑雪;まだらゆき;lingering patches of snow;n;0;;;;;;;;;;;
まだら模様;まだらもよう;mottled pattern;n;0;;;;;;;;;;;
まだまだこれから;まだまだこれから;it's not over yet;exp;0;;;;;;;;;;;
町;まち;town, city;n;5;What a large town!;<ruby>広<rt>ひろ</rt></ruby>い<ruby>町<rt>まち</rt></ruby>ね！;town, block, neighbourhood, neighborhood;n;downtown, main street;n;street, road;n;街づくり;町興し;町外れ
街づくり;まちづくり;town planning;n;0;;;;;;;;;;;
町興し;まちおこし;revitalization of a town;n;0;;;;;;;;;;;
町外れ;まちはずれ;outskirts (of a town);n;0;;;;;;;;;;;
待つ;まつ;to wait;v5t, vt, vi;5;Don't wait.;<ruby>待<rt>ま</rt></ruby>つな。;to wait;v5t, vt, vi;to await, to look forward to, to anticipate;v5t, vt, vi;to depend on, to need;v5t, vt, vi;待つ身は長い;逸を以て労を待つ;鶴首して待つ
待つ身は長い;まつみはながい;a watched pot never boils;exp, adj-i;0;;;;;;;;;;;
逸を以て労を待つ;いつをもってろうをまつ;to wait for the enemy to tire at ease;exp, v5t;0;;;;;;;;;;;
鶴首して待つ;かくしゅしてまつ;to wait expectantly;exp, v5t;0;;;;;;;;;;;
まっすぐ;まっすぐ;straight (ahead), direct;adj-na, adv, n;5;Go straight on.;まっすぐ<ruby>行<rt>い</rt></ruby>け。;straight (ahead), direct, upright, erect;adj-na, adv, n;straightforward, honest, frank;adj-na, n;;;;;
マッチ;マッチ;match;n;5;Have you got a match?;<ruby>マッチ<rt>まっち</rt></ruby>ありますか。;match (for lighting a fire);n;;;;;マッチプレー;マッチポイント;マッチポンプ
マッチプレー;マッチプレー;match play;n;0;;;;;;;;;;;
マッチポイント;マッチポイント;match point;n;0;;;;;;;;;;;
マッチポンプ;マッチポンプ;stirring up trouble in order to get credit for resolving it;n;0;;;;;;;;;;;
窓;まど;window;n;5;Did you remember to lock the windows?;<ruby>窓<rt>まど</rt></ruby>の<ruby>鍵<rt>かぎ</rt></ruby>しめた？;window;n;;;;;窓際;窓越し;窓辺
窓際;まどぎわ;at the window;n, adj-no;0;;;;;;;;;;;
窓越し;まどごし;viewing through a window;n;0;;;;;;;;;;;
窓辺;まどべ;by the window;n;0;;;;;;;;;;;
丸い, 円い;まるい;round, circular;adj-i;5;The house looks circular, but it isn't a complete circle.;その<ruby>家<rt>いえ</rt></ruby>は<ruby>丸<rt>まる</rt></ruby>く<ruby>見<rt>み</rt></ruby>えるが<ruby>完全円<rt>かんぜんえん</rt></ruby>ではない。;round, circular, spherical;adj-i;curved, smooth;adj-i;harmonious, calm, peaceful, amiable, amicable;adj-i;真ん丸い;丸椅子;丸い卵も切りようで四角
真ん丸い;まんまるい;perfectly round;adj-i;0;;;;;;;;;;;
丸椅子;まるいす;stool;n;0;;;;;;;;;;;
丸い卵も切りようで四角;まるいたまごもきりようでしかく;harsh words make the going rough;exp;0;;;;;;;;;;;
万;まん;ten thousand;num;5;Cats forever!;<ruby>猫<rt>ねこ</rt></ruby><ruby>万歳<rt>ばんざい</rt></ruby>！;10,000, ten thousand;num;myriad;n, adj-no;everything, all;n, adv;万事休す;万能ネギ;万引き
万事休す;ばんじきゅうす;there is nothing more that can be done;exp;0;;;;;;;;;;;
万能ネギ;ばんのうねぎ;thin green spring onion shoots (esp. minced as a condiment);n;0;;;;;;;;;;;
万引き;まんびき;shoplifting;n, vs, vt;0;;;;;;;;;;;
万年筆;まんねんひつ;fountain pen;n;5;Do you have a fountain pen?;<ruby>万年筆<rt>まんねんひつ</rt></ruby>って<ruby>持<rt>も</rt></ruby>ってる？;fountain pen;n;;;;;;;
磨く;みがく;to brush (teeth), to polish;v5k, vt;5;The man brushes his teeth.;<ruby>男<rt>おとこ</rt></ruby>の<ruby>人<rt>にん</rt></ruby>は<ruby>歯<rt>は</rt></ruby>を<ruby>磨<rt>みが</rt></ruby>く。;to polish, to shine, to burnish, to scour, to scrub, to brush (teeth), to grind (e.g. a lens);v5k, vt;to refine (a skill, etc.), to improve, to hone, to polish (up), to cultivate (one's character);v5k, vt;;;智を磨く;技を磨く;歯を磨く
智を磨く;ちをみがく;to cultivate wisdom;exp, v5k;0;;;;;;;;;;;
技を磨く;わざをみがく;to improve one's skill;exp, v5k;0;;;;;;;;;;;
歯を磨く;はをみがく;to brush one's teeth;exp, v5k;0;;;;;;;;;;;
右;みぎ;right hand side;n, adj-no;5;About face!;<ruby>回<rt>まわ</rt></ruby>れ<ruby>右<rt>みぎ</rt></ruby>！;right, right-hand side;n, adj-no;right hand;n;the above (in a piece of vertical writing), above-mentioned;n, adj-no;右万字;右に出るものはない;右に出る者はいない
右万字;みぎまんじ;right-facing swastika;n;0;;;;;;;;;;;
右に出るものはない;みぎにでるものはない;being second to none;exp, adj-i;0;;;;;;;;;;;
右に出る者はいない;みぎにでるものはいない;being second to none;exp, adj-i;0;;;;;;;;;;;
短い;みじかい;short (length);adj-i;5;Life is short.;<ruby>人生<rt>じんせい</rt></ruby>は<ruby>短<rt>みじか</rt></ruby>い。;short;adj-i;brief;adj-i;;;気が短い;手短い;気の短い
気が短い;きがみじかい;quick-tempered;exp, adj-i;0;;;;;;;;;;;
手短い;てみじかい;short;adj-i;0;;;;;;;;;;;
気の短い;きのみじかい;quick-tempered;adj-i;0;;;;;;;;;;;
水;みず;water;n;5;Give me water!;<ruby>水<rt>みず</rt></ruby>をくれ！;water (esp. cool or cold);n;fluid (esp. in an animal tissue), liquid;n;flood, floodwaters;n;水切りかご;水あたり;水蝋蝋虫
水切りかご;みずきりかご;dish drainer;n;0;;;;;;;;;;;
水あたり;みずあたり;being sick from drinking contaminated water;n, vs, vi;0;;;;;;;;;;;
水蝋蝋虫;いぼたろうむし;Chinese wax scale insect (Ericerus pela);n;0;;;;;;;;;;;
店;みせ;store, shop;n;5;For here, please.;<ruby>店内<rt>てんない</rt></ruby>で。;store, shop, establishment, restaurant;n;;;;;店じまい;棚晒し;店舗受取
店じまい;みせじまい;closing up shop (for the day);n, vs, vi;0;;;;;;;;;;;
棚晒し;たなざらし;shopworn goods;n, adj-no;0;;;;;;;;;;;
店舗受取;てんぽうけとり;in-store pickup;n;0;;;;;;;;;;;
見せる;みせる;to show, to display;v1, vt;5;Don't show them your hand.;<ruby>手<rt>て</rt></ruby>の<ruby>内<rt>ない</rt></ruby>を<ruby>見<rt>み</rt></ruby>せるな。;to show, to display;v1, vt;to make (something or someone) look ..., to present an appearance of ...;v1, vt;to make (something) worth watching, to be entertaining;v1, vt;目に物見せる;力んで見せる;敵に後ろを見せる
目に物見せる;めにものみせる;to teach someone a lesson;exp, v1;0;;;;;;;;;;;
力んで見せる;りきんでみせる;to show a bold front;v1;0;;;;;;;;;;;
敵に後ろを見せる;てきにうしろをみせる;to flee from one's enemy;exp, v1;0;;;;;;;;;;;
道;みち;road, street, way, directions;n;5;I love martial arts!;<ruby>武道<rt>ぶどう</rt></ruby>が<ruby>大好<rt>だいす</rt></ruby>き！;road, path, street, lane, passage;n;route, way;n;distance, journey;n;道行く;道連れ;道を聞く
道行く;みちゆく;to walk down the road;v5k-s;0;;;;;;;;;;;
道連れ;みちづれ;fellow traveler;n;0;;;;;;;;;;;
道を聞く;みちをきく;to ask for directions;exp, v5k;0;;;;;;;;;;;
三日;みっか;three days, third day of the month;n;5;;;3rd day of the month;n;three days;n;;;三日ばしか;三日坊主;三日にあげず
三日ばしか;みっかばしか;rubella;n;0;;;;;;;;;;;
三日坊主;みっかぼうず;person who cannot stick to anything;n;0;;;;;;;;;;;
三日にあげず;みっかにあげず;at very frequent intervals;exp, adv;0;;;;;;;;;;;
三つ;みっつ;three things;num;5;The child is father to the man.;<ruby>三<rt>みっ</rt></ruby>つ<ruby>子<rt>こ</rt></ruby>の<ruby>魂<rt>たましい</rt></ruby><ruby>百<rt>ひゃく</rt></ruby>まで。;three;num;three years of age;n;;;三つ又;三つ子;三つ折り
三つ又;みつまた;three-pronged;adj-no;0;;;;;;;;;;;
三つ子;みつご;three-year-old;n;0;;;;;;;;;;;
三つ折り;みつおり;threefold;adj-no, n;0;;;;;;;;;;;
緑;みどり;green;n, adj-no;5;It's green.;<ruby>緑<rt>みどり</rt></ruby>です。;green;n, adj-no;greenery, verdure;n;;;緑陰;緑膿菌;緑色蛍光タンパク質
緑陰;りょくいん;shade of trees;n;0;;;;;;;;;;;
緑膿菌;りょくのうきん;Pseudomonas aeruginosa;n;0;;;;;;;;;;;
緑色蛍光タンパク質;りょくしょくけいこうタンパクしつ;green fluorescent protein;n;0;;;;;;;;;;;
皆さん;みなさん;all of you, everyone;n;5;How is everyone?;<ruby>皆<rt>みな</rt></ruby>さんはお<ruby>元気<rt>げんき</rt></ruby>？;all, everyone, everybody;n;;;;;;;
南;みなみ;South;n;5;The wind blows south.;<ruby>風<rt>かぜ</rt></ruby>は<ruby>南<rt>みなみ</rt></ruby>へ<ruby>吹<rt>ふ</rt></ruby>く。;south;n;;;;;南入ル;南側;南ア戦争
南入ル;みなみいる;below;exp;0;;;;;;;;;;;
南側;みなみがわ;south side;n;0;;;;;;;;;;;
南ア戦争;なんあせんそう;(second) Boer War (1899-1902);n;0;;;;;;;;;;;
耳;みみ;ear;n;5;That's news to me.;<ruby>初耳<rt>はつみみ</rt></ruby>だ。;ear;n;hearing;n;ear (for music, etc.);n;耳掻草;耳元;耳飾り
耳掻草;ミミカキグサ;Utricularia bifida (species of bladderwort);n;0;;;;;;;;;;;
耳元;みみもと;close to the ear;n;0;;;;;;;;;;;
耳飾り;みみかざり;earring;n;0;;;;;;;;;;;
見る;みる;to see, to look;v1, vt;5;Do you watch anime?;<ruby>アニメ<rt>あにめ</rt></ruby><ruby>見<rt>み</rt></ruby>る？;to see, to look, to watch, to view, to observe;v1, vt;to examine, to look over, to assess, to check, to judge;v1, vt;to look after, to attend to, to take care of, to keep an eye on;v1, vt;見るべき;見る影もない;見るに見かねる
見るべき;みるべき;worth seeing;adj-pn;0;;;;;;;;;;;
見る影もない;みるかげもない;mere shadow of one's former self;exp, adj-i;0;;;;;;;;;;;
見るに見かねる;みるにみかねる;to be unable to just watch (without doing anything);exp, v1;0;;;;;;;;;;;
みんな;みんな;all, everyone, everybody;n, pn, adv;5;Everybody.;みんな。;everyone, everybody, all;n, pn, adv;everything, all;n, adv;;;みんなの党;みんなさん;みんなぼっち
みんなの党;みんなのとう;Your Party (a Japanese political party);n;0;;;;;;;;;;;
みんなさん;みんなさん;all;n;0;;;;;;;;;;;
みんなぼっち;みんなぼっち;(being) alone together;exp;0;;;;;;;;;;;
六日;むいか;six days, sixth day of month;n;5;Tom only looked after the stray for 6 days.;<ruby>トム<rt>とむ</rt></ruby>は、<ruby>六日<rt>むいか</rt></ruby><ruby>間<rt>かん</rt></ruby>だけ<ruby>迷子<rt>まいご</rt></ruby>の<ruby>犬<rt>いぬ</rt></ruby>を<ruby>預<rt>あず</rt></ruby>かることにしました。;6th day of the month;n;six days;n;;;六日の菖蒲;六日間戦争;六日戦争
六日の菖蒲;むいかのあやめ;something that comes too late to be useful;exp, n;0;;;;;;;;;;;
六日間戦争;むいかかんせんそう;Six-Day War (June 5-10, 1967);n;0;;;;;;;;;;;
六日戦争;むいかせんそう;Six-Day War (June 5-10, 1967);n;0;;;;;;;;;;;
向こう;むこう;beyond, over there;n;5;Get away!;<ruby>向<rt>む</rt></ruby>こうへ<ruby>行<rt>い</rt></ruby>け！;opposite side, other side;n;over there, ahead, beyond, (in the) distance, far away, far off;n;destination, there (somewhere distant, esp. abroad);n;向こう側;向こう岸;向こう見ず
向こう側;むこうがわ;other side;n;0;;;;;;;;;;;
向こう岸;むこうぎし;opposite bank;n;0;;;;;;;;;;;
向こう見ず;むこうみず;reckless;adj-na, n;0;;;;;;;;;;;
難しい;むずかしい;difficult;adj-i;5;It's so hard.;<ruby>難<rt>むずか</rt></ruby>しいわ。;difficult, hard, troublesome, complicated, serious (disease, problem, etc.);adj-i;impossible, unfeasible;adj-i;fussy, particular, fastidious, hard to please, displeased;adj-i;難しい顔をする;気難しい;小難しい
難しい顔をする;むずかしいかおをする;to look displeased;exp, vs-i;0;;;;;;;;;;;
気難しい;きむずかしい;hard to please;adj-i;0;;;;;;;;;;;
小難しい;こむずかしい;slightly difficult;adj-i;0;;;;;;;;;;;
六つ;むっつ;six things;num;5;;;six;num;six years of age;n;six o'clock (old time system);n;六つ子;六つ切り;六つ時
六つ子;むつご;sextuplets;n;0;;;;;;;;;;;
六つ切り;むつぎり;dividing something into six pieces;n;0;;;;;;;;;;;
六つ時;むつどき;(approx.) six o'clock (am or pm, old time system);n;0;;;;;;;;;;;
村;むら;village;n;5;What's the name of this village?;この<ruby>村<rt>むら</rt></ruby>は<ruby>何<rt>なん</rt></ruby>ていうの？;village;n;;;;;村興し;村切り;村八分
村興し;むらおこし;revitalization of a village;n;0;;;;;;;;;;;
村切り;むらぎり;border between two villages;n;0;;;;;;;;;;;
村八分;むらはちぶ;ostracism;n;0;;;;;;;;;;;
目;め;eye(s);n;5;My eyes hurt!;<ruby>目<rt>め</rt></ruby>が<ruby>痛<rt>いた</rt></ruby>い！;eye, eyeball;n;eyesight, sight, vision;n;look, stare, gaze, glance;n;目覚ましい;目差し;目の当たり
目覚ましい;めざましい;remarkable;adj-i;0;;;;;;;;;;;
目差し;めざし;aim;n;0;;;;;;;;;;;
目の当たり;まのあたり;before one's eyes;exp, adv;0;;;;;;;;;;;
メートル;メートル;meter;n;5;A thousand meters is one kilometer.;1,000mは1kmです。;metre (unit of length), meter;n;meter, gauge;n;;;メートルトン;メートルドテル;メートル坪量
メートルトン;メートルトン;metric ton;n;0;;;;;;;;;;;
メートルドテル;メートルドテル;head waiter;n;0;;;;;;;;;;;
メートル坪量;メートルつぼりょう;paper weight (in grams per square metre);n;0;;;;;;;;;;;
眼鏡;めがね;eye glasses;n;5;Where are my glasses?;<ruby>私<rt>わたし</rt></ruby>の<ruby>眼鏡<rt>めがね</rt></ruby>はどこ？;glasses, eyeglasses, spectacles;n;judgment, judgement, discrimination, discernment, insight;n;four-eyes;n;眼鏡にかなう;眼鏡をかける;メガネっ娘
眼鏡にかなう;めがねにかなう;to win the favour of (favor);exp, v5u;0;;;;;;;;;;;
眼鏡をかける;メガネをかける;to wear glasses;exp, v1;0;;;;;;;;;;;
メガネっ娘;めがねっこ;girl who wears glasses;n;0;;;;;;;;;;;
もう;もう;already, again, more;adv;5;Not again.;もう。;already, yet, by now, now, (not) any more, (not) any longer;adv;soon, shortly, before long, presently;adv;further, more, again, another, the other;adv;もう一声;もう一度;もう一つ
もう一声;もうひとこえ;a bit lower (price);exp;0;;;;;;;;;;;
もう一度;もういちど;once more;exp, adv;0;;;;;;;;;;;
もう一つ;もうひとつ;another;exp;0;;;;;;;;;;;
木曜日;もくようび;Thursday;n, adv;5;Today is Thursday.;<ruby>今日<rt>こんにち</rt></ruby>は<ruby>木曜日<rt>もくようび</rt></ruby>です。;Thursday;n, adv;;;;;脂の木曜日;聖木曜日;
脂の木曜日;あぶらのもくようび;Fat Thursday;exp, n;0;;;;;;;;;;;
聖木曜日;せいもくようび;Maundy Thursday;n;0;;;;;;;;;;;
もしもし;もしもし;Hello? (used on the phone);int;5;Hello!;もしもし。;hello (e.g. on phone);int;excuse me! (when calling out to someone);int;;;;;
持つ;もつ;to hold, to carry, to possess;v5t, vt;5;Let me carry that for you.;<ruby>僕<rt>ぼく</rt></ruby>が<ruby>持<rt>も</rt></ruby>つよ。;to hold (in one's hand), to take, to carry;v5t, vt;to possess, to have, to own;v5t, vt;to maintain, to keep;v5t, vt;尻を持つ;持つべきものは友;持つべきものは友人
尻を持つ;けつをもつ;to take responsibility for;exp, v5t;0;;;;;;;;;;;
持つべきものは友;もつべきものはとも;a friend is a good thing to have;exp;0;;;;;;;;;;;
持つべきものは友人;もつべきものはゆうじん;a friend is a good thing to have;exp;0;;;;;;;;;;;
もっと;もっと;more;adv;5;More!;もっと！;(some) more, even more, longer, further;adv;;;;;もっともらしい顔;もっとも至極;もっと沢山
もっともらしい顔;もっともらしいかお;dignified expression;exp;0;;;;;;;;;;;
もっとも至極;もっともしごく;perfectly reasonable;adj-no, adj-na, n;0;;;;;;;;;;;
もっと沢山;もっとたくさん;a lot more;exp, adj-no, adj-na, n, adv;0;;;;;;;;;;;
物;もの;thing (concrete object);n;5;Monster!;<ruby>化け物<rt>ばけもの</rt></ruby>！;thing, object, article, stuff, substance;n;one's things, possessions, property, belongings;n;things, something, anything, everything, nothing;n;物分かりの良い;物分かりが良い;物差し
物分かりの良い;ものわかりのいい;sensible;exp, adj-ix;0;;;;;;;;;;;
物分かりが良い;ものわかりがいい;sensible;exp, adj-ix;0;;;;;;;;;;;
物差し;ものさし;ruler;n;0;;;;;;;;;;;
門;もん;gate;n;5;What time is your curfew?;<ruby>門限<rt>もんげん</rt></ruby><ruby>何時<rt>なんじ</rt></ruby>？;gate;n;branch of learning based on the teachings of a single master, school;n, n-suf;phylum, division;n, n-suf;門付け;門構え;門前市をなす
門付け;かどづけ;door-to-door entertainment;n, vs, vi;0;;;;;;;;;;;
門構え;もんがまえ;(in the) style of a gate;n, adj-no;0;;;;;;;;;;;
門前市をなす;もんぜんいちをなす;to have many visitors (of a home);exp, v5s;0;;;;;;;;;;;
問題;もんだい;a problem;n;5;Is that a problem?;それが<ruby>問題<rt>もんだい</rt></ruby>？;question (e.g. on a test), problem;n;problem (e.g. societal, political), question, issue, subject (e.g. of research), case, matter;n;question (i.e. doubt);n;問題ない;問題点;問題意識
問題ない;もんだいない;no problem;exp, adj-i;0;;;;;;;;;;;
問題点;もんだいてん;the problem (at issue);n;0;;;;;;;;;;;
問題意識;もんだいいしき;awareness of the issues;n;0;;;;;;;;;;;
～屋;～や;~ shop;suf;5;Jeweler! Locksmith!;<ruby>玉屋<rt>たまや</rt></ruby>！<ruby>鍵<rt>かぎ</rt></ruby><ruby>屋<rt>や</rt></ruby>！;shop, store, restaurant;suf;someone who sells (something) or works as (something);suf;someone with a (certain) personality trait;suf;茅葺き屋根;一杯飲み屋;焼き鳥屋
茅葺き屋根;かやぶきやね;thatched roof;n;0;;;;;;;;;;;
一杯飲み屋;いっぱいのみや;cheap drinking spot (pub, tavern, etc.);n;0;;;;;;;;;;;
焼き鳥屋;やきとりや;yakitori restaurant;n;0;;;;;;;;;;;
八百屋;やおや;greengrocer;n;5;The greengrocer is very kind to his customers.;その<ruby>八百屋<rt>やおや</rt></ruby>は<ruby>客<rt>きゃく</rt></ruby>にとても<ruby>親切<rt>しんせつ</rt></ruby>だ。;greengrocer, fruit and vegetable shop;n;jack of all trades;n;;;八百屋防風;;
八百屋防風;やおやぼうふう;Glehnia littoralis (species of umbellifer used in Chinese medicine);n;0;;;;;;;;;;;
野菜;やさい;vegetable;n;5;The eggplant is a vegetable.;<ruby>茄子<rt>なす</rt></ruby>は<ruby>野菜<rt>やさい</rt></ruby>よ。;vegetable;n;marijuana, cannabis;n;;;野菜くず;野菜を作る;野菜畑
野菜くず;やさいくず;vegetable scraps;n;0;;;;;;;;;;;
野菜を作る;やさいをつくる;to grow vegetables;exp, v5r;0;;;;;;;;;;;
野菜畑;やさいばたけ;field of vegetables;n;0;;;;;;;;;;;
易しい;やさしい;easy, plain, simple;adj-i;5;The book is easy.;その<ruby>本<rt>ほん</rt></ruby>は<ruby>易<rt>やさ</rt></ruby>しい。;easy, plain, simple;adj-i;;;;;やさしい文章;やさしい日本語;生易しい
やさしい文章;やさしいぶんしょう;easy (simple) writing;exp, n;0;;;;;;;;;;;
やさしい日本語;やさしいにほんご;easy Japanese (that is easily understood by non-native speakers, children, etc.);exp, n;0;;;;;;;;;;;
生易しい;なまやさしい;simple;adj-i;0;;;;;;;;;;;
安い;やすい;inexpensive, cheap (things);adj-i;5;That's cheap, isn't it?;<ruby>安<rt>やす</rt></ruby>いね。;cheap, inexpensive;adj-i;calm, peaceful, quiet;adj-i;;;お安い御用;傷つきやすい;お安い
お安い御用;おやすいごよう;easy task;exp, n;0;;;;;;;;;;;
傷つきやすい;きずつきやすい;fragile;adj-i;0;;;;;;;;;;;
お安い;おやすい;easy;adj-i;0;;;;;;;;;;;
休み;やすみ;holiday, day off, absence;n;5;I want to rest.;<ruby>休<rt>やす</rt></ruby>みたい。;rest, recess, respite;n;vacation, holiday, absence, suspension;n;dormancy (of a silkworm prior to moulting);n;休みどころ;休みなく;馬鹿も休み休み言え
休みどころ;やすみどころ;rest area;n;0;;;;;;;;;;;
休みなく;やすみなく;without rest;adv;0;;;;;;;;;;;
馬鹿も休み休み言え;ばかもやすみやすみいえ;stop talking nonsense;exp;0;;;;;;;;;;;
休む;やすむ;to rest, to have a break, to get time off;v5m, vi;5;It's open every day of the year.;<ruby>年中無休<rt>ねんじゅうむきゅう</rt></ruby>です。;to be absent, to take a day off;v5m, vi;to rest, to have a break;v5m, vi;to go to bed, to (lie down to) sleep, to turn in, to retire;v5m, vi;下手な考え休むに似たり;下手の考え休むに似たり;
下手な考え休むに似たり;へたなかんがえやすむににたり;it's hard to tell a poor thinker from a sleeping one;exp;0;;;;;;;;;;;
下手の考え休むに似たり;へたのかんがえやすむににたり;it's hard to tell a poor thinker from a sleeping one;exp;0;;;;;;;;;;;
八つ;やっつ;eight things;num;5;My grandchild is eight.;<ruby>孫<rt>まご</rt></ruby>は<ruby>八<rt>や</rt></ruby>つだよ。;eight;num;eight years of age;n;two o'clock (old time system);n;八つ当たり;八つ当たりに;八つ橋
八つ当たり;やつあたり;venting one's anger (on someone or something);n, vs, vi;0;;;;;;;;;;;
八つ当たりに;やつあたりに;indiscriminately;adv;0;;;;;;;;;;;
八つ橋;やつはし;yatsuhashi;n;0;;;;;;;;;;;
山;やま;mountain;n, ctr;5;I went into the mountains.;<ruby>入山<rt>にゅうざん</rt></ruby>した。;mountain, hill;n, ctr;mine;n, ctr;(mountain) forest;n, ctr;山ごもり;山並み;山荒
山ごもり;やまごもり;secluding oneself in the mountains;n, vs, vi;0;;;;;;;;;;;
山並み;やまなみ;mountain range;n;0;;;;;;;;;;;
山荒;やまあらし;porcupine;n;0;;;;;;;;;;;
やる;やる;to do, to give (to pets, parents, siblings, etc.);v5r, vt;5;I'll do it.;やるよ。;to do, to undertake, to perform, to play (a game), to study;v5r, vt;to send, to dispatch, to despatch;v5r, vt;to put, to move, to turn (one's head, glance, etc.);v5r, vt;やる方ない;旨くやる;やるじゃん
やる方ない;やるかたない;having no way to relieve (one's grief, mortification, etc.);exp, adj-i;0;;;;;;;;;;;
旨くやる;うまくやる;to manage something successfully;exp, v5r;0;;;;;;;;;;;
やるじゃん;やるじゃん;way to go!;exp, int;0;;;;;;;;;;;
夕方;ゆうがた;late afternoon (typically just before dinner time), evening;n, adv;5;It's five in the evening.;<ruby>夕方<rt>ゆうがた</rt></ruby>の<ruby>五時<rt>ごじ</rt></ruby>です。;early evening (usu. from 3pm to 6pm), dusk;n, adv;;;;;;;
夕飯;ゆうはん;dinner, supper, evening meal;n;5;When's dinner?;<ruby>夕飯<rt>ゆうはん</rt></ruby>いつ？;evening meal, dinner, supper;n;;;;;;;
郵便局;ゆうびんきょく;post office;n;5;Are you going to the post office?;<ruby>郵便局<rt>ゆうびんきょく</rt></ruby>に<ruby>行<rt>い</rt></ruby>くの？;post office;n;;;;;郵便局員;特定郵便局;普通郵便局
郵便局員;ゆうびんきょくいん;mail clerk;n;0;;;;;;;;;;;
特定郵便局;とくていゆうびんきょく;special post office;n;0;;;;;;;;;;;
普通郵便局;ふつうゆうびんきょく;regular post office;n;0;;;;;;;;;;;
昨夜;ゆうべ;last night;n, adv;5;I saw it last night.;<ruby>昨夜<rt>さくや</rt></ruby>、<ruby>見<rt>み</rt></ruby>たわ。;last night, yesterday evening;n, adv;;;;;一昨夜;一昨々夜;
一昨夜;いっさくや;night before last;n, adv;0;;;;;;;;;;;
一昨々夜;いっさくさくや;two nights before last;n;0;;;;;;;;;;;
有名;ゆうめい;famous;adj-na;5;It's a famous song.;<ruby>有名<rt>ゆうめい</rt></ruby>な<ruby>曲<rt>きょく</rt></ruby>よ。;famous, well-known;adj-na;;;;;有名人;有名無実;有名税
有名人;ゆうめいじん;celebrity;n;0;;;;;;;;;;;
有名無実;ゆうめいむじつ;in name but not in reality;adj-na, adj-no, n;0;;;;;;;;;;;
有名税;ゆうめいぜい;price of fame;n;0;;;;;;;;;;;
雪;ゆき;snow;n;5;Snowball fight!;<ruby>雪合戦<rt>ゆきがっせん</rt></ruby>だ！;snow, snowfall;n;;;;;雪吊り;雪解け;雪玉
雪吊り;ゆきづり;placing ropes or wires around trees to protect them from the snow;n;0;;;;;;;;;;;
雪解け;ゆきどけ;thawing of snow;n;0;;;;;;;;;;;
雪玉;ゆきだま;snowball;n;0;;;;;;;;;;;
ゆっくりと;ゆっくりと;slowly, at ease;Adverb (fukushi), Adverb taking the 'to' particle, Suru verb;5;Hurry slowly.;ゆっくりと<ruby>急<rt>いそ</rt></ruby>げ。;slowly, unhurriedly, without haste, leisurely, at one's leisure;Adverb (fukushi), Adverb taking the 'to' particle, Suru verb;easily (e.g. in time), well, sufficiently, amply, with time to spare;Adverb (fukushi);well (e.g. sleep), comfortably;Adverb (fukushi), Suru verb;;;
八日;ようか;eight days, eighth day of the month;n;5;August 8th is Beard Day in Japan.;<ruby>日本<rt>にっぽん</rt></ruby>では、<ruby>八月<rt>はちがつ</rt></ruby><ruby>八日<rt>ようか</rt></ruby>は<ruby>ヒゲ<rt>ひげ</rt></ruby>の<ruby>日<rt>にち</rt></ruby>です。;8th day of the month;n;eight days;n;;;１８日;２８日;
１８日;じゅうはちにち;18th day of the month;n;0;;;;;;;;;;;
２８日;にじゅうはちにち;28th day of the month;n;0;;;;;;;;;;;
洋服;ようふく;Western-style clothes;n;5;Let's get you dressed.;お<ruby>洋服<rt>ようふく</rt></ruby><ruby>着<rt>ちゃく</rt></ruby>ましょうね。;Western-style clothes (cf. traditional Japanese clothes);n;;;;;洋服ダンス;洋服お直し;洋服屋
洋服ダンス;ようふくダンス;wardrobe (esp. for Western clothes);n;0;;;;;;;;;;;
洋服お直し;ようふくおなおし;clothing alteration (esp. Western clothing);n;0;;;;;;;;;;;
洋服屋;ようふくや;(Western) clothing store;n;0;;;;;;;;;;;
よく;よく;frequently, often (much), well, skillfully;n, n-suf;5;Listen carefully.;よく<ruby>聞<rt>き</rt></ruby>け！;greed, craving, desire, appetite, hunger, avarice, wants;n, n-suf;;;;;よくあるご質問;よくある質問;よく学びよく遊べ
よくあるご質問;よくあるごしつもん;frequently asked questions;exp, n;0;;;;;;;;;;;
よくある質問;よくあるしつもん;frequently asked questions;exp, n;0;;;;;;;;;;;
よく学びよく遊べ;よくまなびよくあそべ;study hard and play hard;exp;0;;;;;;;;;;;
横;よこ;beside, side, width;n;5;Sit beside me.;<ruby>横<rt>よこ</rt></ruby>に<ruby>座<rt>すわ</rt></ruby>って。;horizontal (as opposed to vertical);n;side-to-side (as opposed to front-to-back), width, breadth;n;side (of a box, etc.);n;横倒し;横槍;横滑り
横倒し;よこだおし;falling over;n;0;;;;;;;;;;;
横槍;よこやり;interruption;n;0;;;;;;;;;;;
横滑り;よこすべり;sideslip;n, vs, vi;0;;;;;;;;;;;
四日;よっか;four days, fourth day of the month;n;5;The rain lasted four days.;<ruby>雨<rt>あめ</rt></ruby>は<ruby>四日<rt>よっか</rt></ruby><ruby>間<rt>かん</rt></ruby><ruby>降<rt>お</rt></ruby>り<ruby>続<rt>つづ</rt></ruby>いた。;4th day of the month;n;four days;n;;;四日市ぜんそく;四日熱;四日市大学
四日市ぜんそく;よっかいちぜんそく;Yokkaichi asthma;n;0;;;;;;;;;;;
四日熱;よっかねつ;quartan;n;0;;;;;;;;;;;
四日市大学;よっかいちだいがく;Yokkaichi University;n;0;;;;;;;;;;;
四つ;よっつ;four things;num;5;Look! A four-leafed clover!;<ruby>見<rt>み</rt></ruby>て！<ruby>四<rt>よ</rt></ruby>つ<ruby>葉<rt>は</rt></ruby>！;four, 4;num;four years of age;n;ten o'clock (in the old time system);n;四つん這い;四つ足;四辻
四つん這い;よつんばい;crawling on all fours;n;0;;;;;;;;;;;
四つ足;よつあし;four-legged;adj-no, n;0;;;;;;;;;;;
四辻;よつつじ;crossroads;n;0;;;;;;;;;;;
呼ぶ;よぶ;to call (one's name), to invite;v5b, vt;5;Are you going to call the police?;<ruby>警察<rt>けいさつ</rt></ruby>を<ruby>呼<rt>よ</rt></ruby>ぶ<ruby>気<rt>き</rt></ruby>？;to call out (to), to call, to invoke;v5b, vt;to summon (a doctor, etc.);v5b, vt;to invite;v5b, vt;呼子鳥;呼ぶプログラム;呼ぶ子
呼子鳥;よぶこどり;calling bird (esp. a cuckoo);n;0;;;;;;;;;;;
呼ぶプログラム;よぶプログラム;calling program;n;0;;;;;;;;;;;
呼ぶ子;よぶこ;whistle;n;0;;;;;;;;;;;
読む;よむ;to read;v5m, vt;5;Don't read my diary.;<ruby>俺<rt>おれ</rt></ruby>の<ruby>日記<rt>にっき</rt></ruby>を<ruby>読<rt>よ</rt></ruby>むな！;to read;v5m, vt;to recite (e.g. a sutra), to chant;v5m, vt;to predict, to guess, to forecast, to read (someone's thoughts), to see (e.g. into someone's heart), to divine;v5m, vt;サバを読む;サバ読む;むさぼり読む
サバを読む;さばをよむ;to manipulate figures to one's advantage;exp, v5m;0;;;;;;;;;;;
サバ読む;さばよむ;to manipulate figures to one's advantage;exp, v5m;0;;;;;;;;;;;
むさぼり読む;むさぼりよむ;to read avidly;v5m, vt;0;;;;;;;;;;;
夜;よる;evening, night;n, adv;5;It's night.;<ruby>夜<rt>よる</rt></ruby>です。;night, evening;n, adv;dinner;n;;;夜目遠目笠の内;夜更かし;夜更け
夜目遠目笠の内;よめとおめかさのうち;women appear the most beautiful when viewed from afar, in the dark, or when wearing a bamboo hat;exp;0;;;;;;;;;;;
夜更かし;よふかし;staying up late;n, vs, vi;0;;;;;;;;;;;
夜更け;よふけ;late at night;n;0;;;;;;;;;;;
弱い;よわい;weak;adj-i;5;You are weak.;<ruby>君<rt>くん</rt></ruby>は<ruby>弱<rt>よわ</rt></ruby>いな。;weak, frail, delicate, tender, unskilled, weak (wine);adj-i;;;;;弱いものいじめ;弱い者;弱い相互作用
弱いものいじめ;よわいものいじめ;bullying (the weak);n;0;;;;;;;;;;;
弱い者;よわいもの;weak person;exp, n;0;;;;;;;;;;;
弱い相互作用;よわいそうごさよう;weak interaction;exp, n;0;;;;;;;;;;;
来月;らいげつ;next month;n, adv;5;The month after next is December.;<ruby>再来月<rt>さらいげつ</rt></ruby>は１２<ruby>月<rt>がつ</rt></ruby>だ。;next month;n, adv;;;;;来月号;来月末;再来月
来月号;らいげつごう;next month's issue;n;0;;;;;;;;;;;
来月末;らいげつまつ;end of next month;n;0;;;;;;;;;;;
再来月;さらいげつ;month after next;n, adv;0;;;;;;;;;;;
来週;らいしゅう;next week;n, adv;5;See you next week!;また<ruby>来週<rt>らいしゅう</rt></ruby>！;next week;n, adv;;;;;来週明け;来週中;再来週
来週明け;らいしゅうあけ;early next week;n;0;;;;;;;;;;;
来週中;らいしゅうちゅう;during next week;n;0;;;;;;;;;;;
再来週;さらいしゅう;week after next;n, adv;0;;;;;;;;;;;
来年;らいねん;next year;n, adv;5;Next year is the year of the rabbit.;<ruby>来年<rt>らいねん</rt></ruby>は<ruby>卯年<rt>うどし</rt></ruby>だ。;next year;n, adv;;;;;来年のことを言うと鬼が笑う;来年度;再来年
来年のことを言うと鬼が笑う;らいねんのことをいうとおにがわらう;nobody knows the morrow;exp, v5u;0;;;;;;;;;;;
来年度;らいねんど;next year;n;0;;;;;;;;;;;
再来年;さらいねん;year after next;n, adv;0;;;;;;;;;;;
ラジオ;ラジオ;radio;n;5;Turn off the radio!;<ruby>ラジオ<rt>らじお</rt></ruby>を<ruby>消<rt>け</rt></ruby>して！;radio;n;;;;;ラジオカー;ラジオカーボンテスト;ラジオカセット
ラジオカー;ラジオカー;radio car;n;0;;;;;;;;;;;
ラジオカーボンテスト;ラジオカーボンテスト;radiocarbon test;n;0;;;;;;;;;;;
ラジオカセット;ラジオカセット;radio-cassette;n;0;;;;;;;;;;;
ラジオカセ;ラジオカセ;radio cassette player;Noun;5;;;radio-cassette, tape recorder;Noun;;;;;ラジオカセット;;
ラジオカセット;ラジオカセット;radio-cassette;n;0;;;;;;;;;;;
りっぱ;りっぱ;splendid, fine;adj-na;5;It's magnificent.;<ruby>立派<rt>りっぱ</rt></ruby>ですね。;splendid, fine, handsome, elegant, imposing, prominent, impressive;adj-na;praiseworthy, creditable, worthy;adj-na;legal, legitimate, lawful;adj-na;借りっぱなし;切りっ端;放りっぱなし
借りっぱなし;かりっぱなし;borrowing without returning;n;0;;;;;;;;;;;
切りっ端;きりっぱし;scraps;n;0;;;;;;;;;;;
放りっぱなし;ほうりっぱなし;untouched;adv;0;;;;;;;;;;;
留学生;りゅうがくせい;international student;n;5;Are you an exchange student?;<ruby>留学生<rt>りゅうがくせい</rt></ruby>の<ruby>方<rt>ほう</rt></ruby>ですか？;overseas student, exchange student;n;;;;;官費留学生;国費留学生;交換留学生
官費留学生;かんぴりゅうがくせい;student studying abroad at government expense;n;0;;;;;;;;;;;
国費留学生;こくひりゅうがくせい;government-financed or sponsored foreign student;n;0;;;;;;;;;;;
交換留学生;こうかんりゅうがくせい;exchange student;n;0;;;;;;;;;;;
両親;りょうしん;parents (lit., both parents);n;5;Call your parents.;<ruby>両親<rt>りょうしん</rt></ruby>に<ruby>電話<rt>でんわ</rt></ruby>して。;parents, both parents;n;;;;;ご両親;実両親;義両親
ご両親;ごりょうしん;(someone else's) parents;n;0;;;;;;;;;;;
実両親;じつりょうしん;biological parents;n;0;;;;;;;;;;;
義両親;ぎりょうしん;parents-in-law;n;0;;;;;;;;;;;
料理;りょうり;cooking, cuisine;n, vs, vt;5;Are you a good cook?;<ruby>料理<rt>りょうり</rt></ruby>は<ruby>得意<rt>とくい</rt></ruby>？;cooking, cookery, cuisine, food, dish;n, vs, vt;dealing with (skillfully), handling (well), managing;n, vs, vt;;;料理下手;おせち料理;ジンギスカン料理
料理下手;りょうりべた;no good at cooking;adj-na;0;;;;;;;;;;;
おせち料理;おせちりょうり;osechi;n;0;;;;;;;;;;;
ジンギスカン料理;ジンギスカンりょうり;jingisukan;n;0;;;;;;;;;;;
旅行;りょこう;travel, trip;n, vs, vi;5;Do you like to travel?;<ruby>旅行<rt>りょこう</rt></ruby>は<ruby>好<rt>す</rt></ruby>き？;travel, trip, journey, excursion, tour;n, vs, vi;;;;;旅行かばん;旅行者;旅行会社
旅行かばん;りょこうかばん;traveling bag;n;0;;;;;;;;;;;
旅行者;りょこうしゃ;traveller;n;0;;;;;;;;;;;
旅行会社;りょこうがいしゃ;travel agent;n;0;;;;;;;;;;;
零;れい;zero, nought;n;5;It is ten degrees below zero now.;<ruby>今<rt>いま</rt></ruby>は<ruby>零下<rt>れいか</rt></ruby>１０<ruby>度<rt>ど</rt></ruby>だ。;zero, nought;n;;;;;０歳;冪零;冪零元
０歳;ゼロさい;under 1 year old (of a baby);n;0;;;;;;;;;;;
冪零;べきれい;nilpotent;adj-no;0;;;;;;;;;;;
冪零元;べきれいげん;nilpotent element;n;0;;;;;;;;;;;
冷蔵庫;れいぞうこ;refrigerator;n;5;The fridge is empty!;<ruby>冷蔵庫<rt>れいぞうこ</rt></ruby>、<ruby>空<rt>から</rt></ruby>っぽ！;refrigerator, fridge;n;;;;;電気冷蔵庫;;
電気冷蔵庫;でんきれいぞうこ;electric refrigerator;n;0;;;;;;;;;;;
レコード;レコード;record;n;5;Can I hear a little bit of this record?;この<ruby>レコード<rt>れこーど</rt></ruby><ruby>視聴<rt>しちょう</rt></ruby>できますか。;record (e.g. LP);n;record (e.g. in sports);n;record (data structure);n;レコード破り;レコードライブラリー;レコードプレーヤー
レコード破り;レコードやぶり;record-breaking;adj-no, n;0;;;;;;;;;;;
レコードライブラリー;レコードライブラリー;sound recordings library;n;0;;;;;;;;;;;
レコードプレーヤー;レコードプレーヤー;record player;n;0;;;;;;;;;;;
レストラン;レストラン;restaurant;n;5;The restaurant is full.;<ruby>レストラン<rt>れすとらん</rt></ruby>は<ruby>満席<rt>まんせき</rt></ruby>です。;restaurant (esp. Western-style);n;;;;;レストランシアター;レストランハウス;レストランホテル
レストランシアター;レストランシアター;dinner theater;n;0;;;;;;;;;;;
レストランハウス;レストランハウス;freestanding building, often in a park, used for receptions, dinners, etc.;n;0;;;;;;;;;;;
レストランホテル;レストランホテル;facility that serves meals and provides rooms for short-stay or overnight guests;n;0;;;;;;;;;;;
練習;れんしゅう (する);(to) practice;n, vs, vt;5;Practice makes perfect.;<ruby>練習<rt>れんしゅう</rt></ruby>は<ruby>熟達<rt>じゅくたつ</rt></ruby>の<ruby>道<rt>みち</rt></ruby>。;practice, training, drill, (an) exercise, workout;n, vs, vt;;;;;練習場;練習曲;練習帳
練習場;れんしゅうじょう;practice field;n;0;;;;;;;;;;;
練習曲;れんしゅうきょく;etude;n;0;;;;;;;;;;;
練習帳;れんしゅうちょう;exercise book;n;0;;;;;;;;;;;
廊下;ろうか;corridor;n;5;There’s a box in the hall.;<ruby>廊下<rt>ろうか</rt></ruby>に<ruby>箱<rt>はこ</rt></ruby>がある。;corridor, hallway, passageway;n;;;;;渡り廊下;中廊下;
渡り廊下;わたりろうか;roofed corridor connecting two buildings;n;0;;;;;;;;;;;
中廊下;なかろうか;central corridor;n;0;;;;;;;;;;;
六;ろく;six;num;5;I am sixteen years old.;<ruby>十六歳<rt>じゅうろくさい</rt></ruby>ですよ。;six, 6;num;;;;;六箇年;難しい;六甲おろし
六箇年;ろっかねん;sexennial;adj-f;0;;;;;;;;;;;
難しい;むずかしい;difficult;adj-i;0;;;;;;;;;;;
六甲おろし;ろっこうおろし;cold northerly winter wind from the Rokko Mountains;n;0;;;;;;;;;;;
ワイシャツ;ワイシャツ;shirt (lit: white shirt), business shirt;n;5;Where's my white dress shirt?;<ruby>俺<rt>おれ</rt></ruby>の<ruby>白<rt>しろ</rt></ruby>の<ruby>ワイシャツ<rt>わいしゃつ</rt></ruby>、どこ？;(formal) shirt, dress shirt, business shirt, button-up shirt;n;;;;;;;
若い;わかい;young;adj-i;5;You're young.;<ruby>若<rt>わか</rt></ruby>いなあ。;young, youthful;adj-i;immature, green;adj-i;low (number), small;adj-i;若い頃;若い者;若いうち
若い頃;わかいころ;one's youth;exp, n, adv;0;;;;;;;;;;;
若い者;わかいもの;young person;exp, n;0;;;;;;;;;;;
若いうち;わかいうち;period of youth;exp, n;0;;;;;;;;;;;
分かる;わかる;to understand;v5r, vi;5;I understand.;<ruby>分<rt>わ</rt></ruby>かる。;to understand, to comprehend, to grasp, to see, to get, to follow;v5r, vi;to become clear, to be known, to be discovered, to be realized (realised), to be found out, to make sense;v5r, vi;I know!, I think so too!;int;話のわかる;話がわかる;相分かる
話のわかる;はなしのわかる;down to earth;exp, adj-f;0;;;;;;;;;;;
話がわかる;はなしがわかる;down to earth;exp, v5r;0;;;;;;;;;;;
相分かる;あいわかる;to be understood;v5r, vi;0;;;;;;;;;;;
忘れる;わすれる;to forget;v1, vt;5;;;to forget, to leave carelessly, to be forgetful of, to forget about, to forget (an article);v1, vt;;;;;喉元過ぎれば熱さを忘れる;置き忘れる;言い忘れる
喉元過ぎれば熱さを忘れる;のどもとすぎればあつさをわすれる;danger past and God forgotten;exp, v1;0;;;;;;;;;;;
置き忘れる;おきわすれる;to leave behind;v1, vt;0;;;;;;;;;;;
言い忘れる;いいわすれる;to forget to say;v1;0;;;;;;;;;;;
私;わたし;I, myself;pn;5;Is it just me?;<ruby>私<rt>わたし</rt></ruby>だけ？;I, me;pn;;;;;私宛;私ども;私製はがき
私宛;わたしあて;addressed to me;adj-no, n;0;;;;;;;;;;;
私ども;わたくしども;we;pn;0;;;;;;;;;;;
私製はがき;しせいはがき;unofficial postcard;n;0;;;;;;;;;;;
私;わたくし;I (formal), myself, private affairs;pn;5;Is it just me?;<ruby>私<rt>わたし</rt></ruby>だけ？;I, me;pn;personal (affairs, etc.), private;adj-no, n;selfishness, partiality;n;私宛;私ども;私製はがき
私宛;わたしあて;addressed to me;adj-no, n;0;;;;;;;;;;;
私ども;わたくしども;we;pn;0;;;;;;;;;;;
私製はがき;しせいはがき;unofficial postcard;n;0;;;;;;;;;;;
渡す;わたす;to hand (something) over (v.t.), to get across;v5s, vt;5;I have something to give you.;<ruby>君<rt>くん</rt></ruby>に<ruby>渡<rt>わた</rt></ruby>す<ruby>物<rt>もの</rt></ruby>がある。;to ferry across (e.g. a river), to carry across, to traverse;v5s, vt;to lay across, to build across;v5s, vt;to hand over, to hand in, to pass, to give, to transfer;v5s, vt;明け渡す;掛け渡す;言い渡す
明け渡す;あけわたす;to vacate;v5s, vt;0;;;;;;;;;;;
掛け渡す;かけわたす;to build (a bridge) over a river;v5s, vt;0;;;;;;;;;;;
言い渡す;いいわたす;to announce;v5s, vt;0;;;;;;;;;;;
渡る;わたる;to cross over, to go across;v5r, vi;5;Are we going to cross this bridge?;この<ruby>橋<rt>はし</rt></ruby>を<ruby>渡<rt>わた</rt></ruby>るの？;to cross over, to go across;v5r, vi;to extend, to cover, to range, to span;v5r, vi;;;渡る世間に鬼はない;染み渡る;冴え渡る
渡る世間に鬼はない;わたるせけんにおにはない;all people aren't evil;exp, adj-i;0;;;;;;;;;;;
染み渡る;しみわたる;to penetrate;v5r, vi;0;;;;;;;;;;;
冴え渡る;さえわたる;to be clear;v5r, vi;0;;;;;;;;;;;
悪い;わるい;bad, sinful, inferior;adj-i;5;You're bad.;<ruby>悪<rt>わる</rt></ruby>い<ruby>子<rt>こ</rt></ruby>ね！;bad, poor, undesirable;adj-i;poor (quality), inferior, insufficient;adj-i;evil, sinful;adj-i;悪いとこ取り;悪いことは言わない;きまり悪い
悪いとこ取り;わるいとこどり;worst of both worlds;n, vs;0;;;;;;;;;;;
悪いことは言わない;わるいことはいわない;I'm telling you this for your own good;exp;0;;;;;;;;;;;
きまり悪い;きまりわるい;embarrassed;adj-i;0;;;;;;;;;;;
